codigo_sgs,data,valor
12,1986-03-06,0.068111
12,1986-03-10,0.069028
12,1986-03-12,0.067417
12,1986-03-14,0.064584
12,1986-03-17,0.068222
12,1986-03-18,0.066528
12,1986-03-19,0.065750
12,1986-03-20,0.064639
12,1986-03-21,0.065418
12,1986-03-24,0.065500
12,1986-03-25,0.066250
12,1986-03-26,0.066250
12,1986-03-31,0.066917
12,1986-04-01,0.064806
12,1986-04-02,0.064833
12,1986-04-03,0.065611
12,1986-04-04,0.065418
12,1986-04-07,0.065639
12,1986-04-08,0.065083
12,1986-04-09,0.065083
12,1986-04-10,0.064833
12,1986-04-11,0.064749
12,1986-04-14,0.064750
12,1986-04-15,0.064167
12,1986-04-16,0.064861
12,1986-04-17,0.064972
12,1986-04-18,0.064000
12,1986-04-22,0.064639
12,1986-04-23,0.064833
12,1986-04-24,0.064694
12,1986-04-25,0.064416
12,1986-04-28,0.064806
12,1986-04-29,0.065000
12,1986-04-30,0.064556
12,1986-05-02,0.064833
12,1986-05-05,0.065278
12,1986-05-06,0.065750
12,1986-05-07,0.065639
12,1986-05-08,0.065361
12,1986-05-09,0.065166
12,1986-05-12,0.065639
12,1986-05-13,0.065444
12,1986-05-14,0.065778
12,1986-05-15,0.065722
12,1986-05-16,0.065418
12,1986-05-19,0.065639
12,1986-05-20,0.065361
12,1986-05-21,0.065389
12,1986-05-22,0.065417
12,1986-05-23,0.065224
12,1986-05-27,0.065194
12,1986-05-28,0.065750
12,1986-05-29,0.067111
12,1986-05-30,0.067668
12,1986-06-02,0.068472
12,1986-06-03,0.069472
12,1986-06-04,0.071556
12,1986-06-05,0.073139
12,1986-06-06,0.073584
12,1986-06-09,0.075222
12,1986-06-10,0.074806
12,1986-06-11,0.073861
12,1986-06-12,0.072694
12,1986-06-13,0.073668
12,1986-06-16,0.073750
12,1986-06-17,0.074111
12,1986-06-18,0.074833
12,1986-06-19,0.075222
12,1986-06-20,0.074166
12,1986-06-23,0.075556
12,1986-06-24,0.076139
12,1986-06-25,0.075667
12,1986-06-26,0.076361
12,1986-06-27,0.076167
12,1986-06-30,0.076833
12,1986-07-01,0.076694
12,1986-07-02,0.078167
12,1986-07-03,0.083750
12,1986-07-04,0.093501
12,1986-07-07,0.095694
12,1986-07-08,0.095361
12,1986-07-09,0.096139
12,1986-07-10,0.096944
12,1986-07-11,0.096666
12,1986-07-14,0.096306
12,1986-07-15,0.096056
12,1986-07-16,0.096361
12,1986-07-17,0.096639
12,1986-07-18,0.096417
12,1986-07-21,0.096528
12,1986-07-22,0.096778
12,1986-07-23,0.100806
12,1986-07-24,0.102250
12,1986-07-25,0.102084
12,1986-07-28,0.101722
12,1986-07-29,0.102000
12,1986-07-30,0.102139
12,1986-07-31,0.102667
12,1986-08-01,0.103332
12,1986-08-04,0.102972
12,1986-08-05,0.103028
12,1986-08-06,0.103806
12,1986-08-07,0.104111
12,1986-08-08,0.123168
12,1986-08-11,0.142222
12,1986-08-12,0.144000
12,1986-08-13,0.142056
12,1986-08-14,0.146500
12,1986-08-15,0.144999
12,1986-08-18,0.149389
12,1986-08-19,0.148889
12,1986-08-20,0.147806
12,1986-08-21,0.147889
12,1986-08-22,0.148332
12,1986-08-25,0.149278
12,1986-08-26,0.149833
12,1986-08-27,0.150694
12,1986-08-28,0.151361
12,1986-08-29,0.152667
12,1986-09-01,0.151250
12,1986-09-02,0.151111
12,1986-09-03,0.150111
12,1986-09-04,0.150889
12,1986-09-05,0.147666
12,1986-09-08,0.147250
12,1986-09-09,0.149278
12,1986-09-10,0.134278
12,1986-09-11,0.118722
12,1986-09-12,0.129834
12,1986-09-15,0.153806
12,1986-09-16,0.152222
12,1986-09-17,0.152056
12,1986-09-18,0.149944
12,1986-09-19,0.151584
12,1986-09-22,0.151944
12,1986-09-23,0.149722
12,1986-09-24,0.146222
12,1986-09-25,0.147667
12,1986-09-26,0.154500
12,1986-09-29,0.153667
12,1986-09-30,0.156278
12,1986-10-01,0.153306
12,1986-10-02,0.151778
12,1986-10-03,0.139167
12,1986-10-06,0.143972
12,1986-10-07,0.145333
12,1986-10-08,0.146139
12,1986-10-09,0.147444
12,1986-10-10,0.147834
12,1986-10-13,0.143222
12,1986-10-14,0.147750
12,1986-10-15,0.147694
12,1986-10-16,0.148028
12,1986-10-17,0.148083
12,1986-10-20,0.147167
12,1986-10-21,0.146111
12,1986-10-22,0.146361
12,1986-10-23,0.147222
12,1986-10-24,0.146499
12,1986-10-27,0.150000
12,1986-10-28,0.147639
12,1986-10-29,0.150806
12,1986-10-30,0.150222
12,1986-10-31,0.157251
12,1986-11-03,0.198639
12,1986-11-04,0.196917
12,1986-11-05,0.201611
12,1986-11-06,0.210389
12,1986-11-07,0.226332
12,1986-11-10,0.210194
12,1986-11-11,0.218972
12,1986-11-12,0.216444
12,1986-11-13,0.217167
12,1986-11-14,0.233499
12,1986-11-17,0.234944
12,1986-11-18,0.237806
12,1986-11-19,0.246167
12,1986-11-20,0.262667
12,1986-11-21,0.282000
12,1986-11-24,0.285917
12,1986-11-25,0.297444
12,1986-11-26,0.357167
12,1986-11-27,0.374722
12,1986-11-28,0.386001
12,1986-12-01,0.560750
12,1986-12-02,0.452139
12,1986-12-03,0.405028
12,1986-12-04,0.398139
12,1986-12-05,0.390084
12,1986-12-08,0.403972
12,1986-12-09,0.445361
12,1986-12-10,0.475444
12,1986-12-11,0.482861
12,1986-12-12,0.482832
12,1986-12-15,0.473556
12,1986-12-16,0.434028
12,1986-12-17,0.431944
12,1986-12-18,0.447278
12,1986-12-19,0.444000
12,1986-12-22,0.454194
12,1986-12-23,0.377139
12,1986-12-24,0.384444
12,1986-12-26,0.430332
12,1986-12-29,0.453472
12,1986-12-30,0.592556
12,1986-12-31,0.592556
12,1987-01-02,0.592584
12,1987-01-05,0.683028
12,1987-01-06,0.608694
12,1987-01-07,0.559139
12,1987-01-08,0.564694
12,1987-01-09,0.677916
12,1987-01-12,0.673583
12,1987-01-13,0.675722
12,1987-01-14,0.674944
12,1987-01-15,0.652722
12,1987-01-16,0.659751
12,1987-01-19,0.659778
12,1987-01-20,0.619806
12,1987-01-21,0.632611
12,1987-01-22,0.640000
12,1987-01-23,0.705084
12,1987-01-26,0.698056
12,1987-01-27,0.698611
12,1987-01-28,0.678167
12,1987-01-29,0.683056
12,1987-01-30,0.681084
12,1987-02-02,0.887389
12,1987-02-03,0.882917
12,1987-02-04,0.885333
12,1987-02-05,0.882972
12,1987-02-06,0.889833
12,1987-02-09,1.037139
12,1987-02-10,1.116083
12,1987-02-11,1.120222
12,1987-02-12,1.104778
12,1987-02-13,1.096749
12,1987-02-16,1.097194
12,1987-02-17,1.134861
12,1987-02-18,1.128444
12,1987-02-19,1.139583
12,1987-02-20,1.163832
12,1987-02-23,1.159278
12,1987-02-24,1.143167
12,1987-02-25,1.039444
12,1987-02-26,0.703083
12,1987-02-27,0.590555
12,1987-03-04,0.606500
12,1987-03-05,0.643611
12,1987-03-06,0.709749
12,1987-03-09,0.707694
12,1987-03-10,0.726250
12,1987-03-11,0.727889
12,1987-03-12,0.576028
12,1987-03-13,0.537417
12,1987-03-16,0.648500
12,1987-03-17,0.746639
12,1987-03-18,0.649944
12,1987-03-19,0.648944
12,1987-03-20,0.657666
12,1987-03-23,0.656444
12,1987-03-24,0.672639
12,1987-03-25,0.635000
12,1987-03-26,0.637333
12,1987-03-27,0.643083
12,1987-03-30,0.642361
12,1987-03-31,0.675167
12,1987-04-01,0.674944
12,1987-04-02,0.667306
12,1987-04-03,0.649251
12,1987-04-06,0.726333
12,1987-04-07,0.716389
12,1987-04-08,0.711028
12,1987-04-09,0.818639
12,1987-04-10,0.836082
12,1987-04-13,0.836861
12,1987-04-14,0.839722
12,1987-04-15,0.842664
12,1987-04-21,0.834417
12,1987-04-22,0.833861
12,1987-04-23,0.836806
12,1987-04-24,0.844668
12,1987-04-27,0.908944
12,1987-04-28,0.975722
12,1987-04-29,0.971583
12,1987-04-30,0.979556
12,1987-05-04,0.986333
12,1987-05-05,0.988833
12,1987-05-06,1.064722
12,1987-05-07,1.319361
12,1987-05-08,1.319001
12,1987-05-11,1.552694
12,1987-05-12,1.555861
12,1987-05-13,1.554944
12,1987-05-14,1.318250
12,1987-05-15,0.948918
12,1987-05-18,0.957361
12,1987-05-19,0.966778
12,1987-05-20,0.978917
12,1987-05-21,0.992250
12,1987-05-22,1.026249
12,1987-05-25,1.048278
12,1987-05-26,1.108972
12,1987-05-27,1.108083
12,1987-05-28,1.107444
12,1987-05-29,1.098582
12,1987-06-01,1.098306
12,1987-06-02,1.085250
12,1987-06-03,1.082861
12,1987-06-04,1.081444
12,1987-06-05,1.085418
12,1987-06-08,1.086833
12,1987-06-09,1.085333
12,1987-06-10,1.081278
12,1987-06-11,1.072056
12,1987-06-12,1.052112
12,1987-06-16,0.691278
12,1987-06-17,0.674778
12,1987-06-18,0.658139
12,1987-06-19,0.639249
12,1987-06-22,0.616028
12,1987-06-23,0.596694
12,1987-06-24,0.579333
12,1987-06-25,0.559417
12,1987-06-26,0.546168
12,1987-06-29,0.531889
12,1987-06-30,0.479250
12,1987-07-01,0.463528
12,1987-07-02,0.439750
12,1987-07-03,0.423666
12,1987-07-06,0.422222
12,1987-07-07,0.426028
12,1987-07-08,0.416722
12,1987-07-09,0.405333
12,1987-07-10,0.389418
12,1987-07-13,0.387750
12,1987-07-14,0.377194
12,1987-07-15,0.370583
12,1987-07-16,0.369056
12,1987-07-17,0.397668
12,1987-07-20,0.374556
12,1987-07-21,0.378056
12,1987-07-22,0.380167
12,1987-07-23,0.384694
12,1987-07-24,0.388167
12,1987-07-27,0.390444
12,1987-07-28,0.391778
12,1987-07-29,0.371222
12,1987-07-30,0.356833
12,1987-07-31,0.360333
12,1987-08-03,0.350250
12,1987-08-04,0.353028
12,1987-08-05,0.343639
12,1987-08-06,0.346056
12,1987-08-07,0.345084
12,1987-08-10,0.351611
12,1987-08-11,0.349028
12,1987-08-12,0.361111
12,1987-08-13,0.358944
12,1987-08-14,0.368832
12,1987-08-17,0.378333
12,1987-08-18,0.375250
12,1987-08-19,0.375667
12,1987-08-20,0.376750
12,1987-08-21,0.399249
12,1987-08-24,0.418861
12,1987-08-25,0.434972
12,1987-08-26,0.454833
12,1987-08-27,0.468444
12,1987-08-28,0.479751
12,1987-08-31,0.467972
12,1987-09-01,0.464361
12,1987-09-02,0.467722
12,1987-09-03,0.466500
12,1987-09-04,0.468332
12,1987-09-08,0.464472
12,1987-09-09,0.453722
12,1987-09-10,0.425056
12,1987-09-11,0.389499
12,1987-09-14,0.394056
12,1987-09-15,0.403111
12,1987-09-16,0.404111
12,1987-09-17,0.404861
12,1987-09-18,0.398418
12,1987-09-21,0.370083
12,1987-09-22,0.334000
12,1987-09-23,0.334500
12,1987-09-24,0.335556
12,1987-09-25,0.345666
12,1987-09-28,0.338750
12,1987-09-29,0.350917
12,1987-09-30,0.371778
12,1987-10-01,0.394750
12,1987-10-02,0.384333
12,1987-10-05,0.391333
12,1987-10-06,0.392556
12,1987-10-07,0.397167
12,1987-10-08,0.399583
12,1987-10-09,0.420668
12,1987-10-13,0.409250
12,1987-10-14,0.435417
12,1987-10-15,0.452194
12,1987-10-16,0.459918
12,1987-10-19,0.540694
12,1987-10-20,0.542361
12,1987-10-21,0.546333
12,1987-10-22,0.546389
12,1987-10-23,0.544917
12,1987-10-26,0.538500
12,1987-10-27,0.524056
12,1987-10-28,0.523361
12,1987-10-29,0.533139
12,1987-10-30,0.553000
12,1987-11-03,0.573111
12,1987-11-04,0.573194
12,1987-11-05,0.577528
12,1987-11-06,0.583917
12,1987-11-09,0.593000
12,1987-11-10,0.603528
12,1987-11-11,0.618778
12,1987-11-12,0.622139
12,1987-11-13,0.636333
12,1987-11-16,0.653250
12,1987-11-17,0.637389
12,1987-11-18,0.648750
12,1987-11-19,0.653306
12,1987-11-20,0.668250
12,1987-11-23,0.691833
12,1987-11-24,0.706333
12,1987-11-25,0.706444
12,1987-11-26,0.717389
12,1987-11-27,0.735999
12,1987-11-30,0.713833
12,1987-12-01,0.651556
12,1987-12-02,0.654056
12,1987-12-03,0.666944
12,1987-12-04,0.682083
12,1987-12-07,0.678917
12,1987-12-08,0.679306
12,1987-12-09,0.680917
12,1987-12-10,0.678889
12,1987-12-11,0.668667
12,1987-12-14,0.663778
12,1987-12-15,0.661750
12,1987-12-16,0.661972
12,1987-12-17,0.653056
12,1987-12-18,0.648999
12,1987-12-21,0.637556
12,1987-12-22,0.775750
12,1987-12-23,0.611000
12,1987-12-24,0.611444
12,1987-12-28,0.620889
12,1987-12-29,0.628472
12,1987-12-30,0.672694
12,1987-12-31,0.667556
12,1988-01-04,0.684583
12,1988-01-05,0.684972
12,1988-01-06,0.688333
12,1988-01-07,0.697639
12,1988-01-08,0.698916
12,1988-01-11,0.706250
12,1988-01-12,0.713806
12,1988-01-13,0.720083
12,1988-01-14,0.776417
12,1988-01-15,0.785667
12,1988-01-18,0.786278
12,1988-01-19,0.804000
12,1988-01-20,0.822861
12,1988-01-21,0.830000
12,1988-01-22,0.927000
12,1988-01-25,0.934667
12,1988-01-26,0.929056
12,1988-01-27,0.933444
12,1988-01-28,0.937444
12,1988-01-29,0.897000
12,1988-02-01,0.863000
12,1988-02-02,0.854444
12,1988-02-03,0.849444
12,1988-02-04,0.846472
12,1988-02-05,0.843999
12,1988-02-08,0.850861
12,1988-02-09,0.849389
12,1988-02-10,0.853583
12,1988-02-11,0.954333
12,1988-02-12,0.936665
12,1988-02-17,0.936833
12,1988-02-18,0.945778
12,1988-02-19,0.946332
12,1988-02-22,0.945611
12,1988-02-23,0.948833
12,1988-02-24,0.958139
12,1988-02-25,0.958472
12,1988-02-26,0.959499
12,1988-02-29,0.874750
12,1988-03-01,0.786528
12,1988-03-02,0.753694
12,1988-03-03,0.741389
12,1988-03-04,0.740667
12,1988-03-07,0.742194
12,1988-03-08,0.742194
12,1988-03-09,0.741861
12,1988-03-10,0.742722
12,1988-03-11,0.675918
12,1988-03-14,0.667583
12,1988-03-15,0.667250
12,1988-03-16,0.667944
12,1988-03-17,0.667194
12,1988-03-18,0.669666
12,1988-03-21,0.673833
12,1988-03-22,0.671500
12,1988-03-23,0.672306
12,1988-03-24,0.689111
12,1988-03-25,0.708834
12,1988-03-28,0.723250
12,1988-03-29,0.736167
12,1988-03-30,0.798750
12,1988-04-04,0.875833
12,1988-04-05,0.893472
12,1988-04-06,0.911556
12,1988-04-07,0.925972
12,1988-04-08,0.934749
12,1988-04-11,0.960778
12,1988-04-12,0.977333
12,1988-04-13,0.983500
12,1988-04-14,0.996750
12,1988-04-15,0.988112
12,1988-04-19,0.990389
12,1988-04-20,1.012389
12,1988-04-21,1.018722
12,1988-04-22,1.020333
12,1988-04-25,1.064611
12,1988-04-26,1.080306
12,1988-04-27,1.054972
12,1988-04-28,0.925361
12,1988-04-29,0.894501
12,1988-05-02,0.887389
12,1988-05-03,0.886250
12,1988-05-04,0.923333
12,1988-05-05,0.925111
12,1988-05-06,0.927834
12,1988-05-09,0.925528
12,1988-05-10,0.889194
12,1988-05-11,0.902333
12,1988-05-12,0.888888
12,1988-05-16,0.882083
12,1988-05-17,0.865861
12,1988-05-18,0.869667
12,1988-05-19,0.875667
12,1988-05-20,0.879918
12,1988-05-23,0.805806
12,1988-05-24,0.781972
12,1988-05-25,0.753917
12,1988-05-26,0.770306
12,1988-05-27,0.778112
12,1988-05-31,0.774056
12,1988-06-01,0.773722
12,1988-06-02,0.774389
12,1988-06-03,0.774918
12,1988-06-06,0.780361
12,1988-06-07,0.778722
12,1988-06-08,0.778278
12,1988-06-09,0.780417
12,1988-06-10,0.787833
12,1988-06-13,0.798389
12,1988-06-14,0.811528
12,1988-06-15,0.808306
12,1988-06-16,0.809611
12,1988-06-17,0.833916
12,1988-06-20,0.830500
12,1988-06-21,0.831250
12,1988-06-22,0.839861
12,1988-06-23,0.943000
12,1988-06-24,1.007250
12,1988-06-27,0.966250
12,1988-06-28,0.963778
12,1988-06-29,0.964250
12,1988-06-30,0.857694
12,1988-07-01,0.836166
12,1988-07-04,0.842583
12,1988-07-05,0.848917
12,1988-07-06,0.855000
12,1988-07-07,0.871306
12,1988-07-08,0.909333
12,1988-07-11,0.930944
12,1988-07-12,0.914889
12,1988-07-13,0.929583
12,1988-07-14,0.975056
12,1988-07-15,1.034832
12,1988-07-18,1.059139
12,1988-07-19,1.093333
12,1988-07-20,1.248750
12,1988-07-21,1.238306
12,1988-07-22,1.240668
12,1988-07-25,1.272222
12,1988-07-26,1.346417
12,1988-07-27,1.321222
12,1988-07-28,1.308806
12,1988-07-29,0.945168
12,1988-08-01,0.986389
12,1988-08-02,0.997500
12,1988-08-03,0.999139
12,1988-08-04,1.006417
12,1988-08-05,1.007001
12,1988-08-08,1.001972
12,1988-08-09,1.000333
12,1988-08-10,0.925611
12,1988-08-11,0.852889
12,1988-08-12,0.824916
12,1988-08-15,0.834306
12,1988-08-16,0.837306
12,1988-08-17,0.828972
12,1988-08-18,0.831417
12,1988-08-19,0.807582
12,1988-08-22,0.817750
12,1988-08-23,0.818056
12,1988-08-24,0.815917
12,1988-08-25,0.832333
12,1988-08-26,0.832749
12,1988-08-29,0.835556
12,1988-08-30,0.850333
12,1988-08-31,0.987389
12,1988-09-01,0.939361
12,1988-09-02,0.956001
12,1988-09-05,1.000556
12,1988-09-06,1.043444
12,1988-09-08,1.055278
12,1988-09-09,1.101918
12,1988-09-12,1.091361
12,1988-09-13,1.077278
12,1988-09-14,1.075917
12,1988-09-15,1.097500
12,1988-09-16,1.114833
12,1988-09-19,1.131611
12,1988-09-20,1.118639
12,1988-09-21,1.121500
12,1988-09-22,1.126194
12,1988-09-23,1.133832
12,1988-09-26,1.126861
12,1988-09-27,1.146722
12,1988-09-28,1.272028
12,1988-09-29,1.268361
12,1988-09-30,1.228917
12,1988-10-03,1.268444
12,1988-10-04,1.270222
12,1988-10-05,1.271417
12,1988-10-06,1.273389
12,1988-10-07,1.278444
12,1988-10-11,1.304750
12,1988-10-12,1.329611
12,1988-10-13,1.636306
12,1988-10-14,1.383084
12,1988-10-17,1.401806
12,1988-10-18,1.401778
12,1988-10-19,1.412667
12,1988-10-20,1.431333
12,1988-10-21,1.446168
12,1988-10-24,1.452194
12,1988-10-25,1.459528
12,1988-10-26,1.453306
12,1988-10-27,1.290278
12,1988-10-28,1.246444
12,1988-11-01,1.227278
12,1988-11-02,1.227194
12,1988-11-03,1.226389
12,1988-11-04,1.225668
12,1988-11-07,1.226250
12,1988-11-08,1.224667
12,1988-11-09,1.223472
12,1988-11-10,1.222500
12,1988-11-11,1.223082
12,1988-11-14,1.197112
12,1988-11-16,1.176278
12,1988-11-17,1.177667
12,1988-11-18,1.176999
12,1988-11-21,1.176250
12,1988-11-22,1.175056
12,1988-11-23,1.139944
12,1988-11-24,1.105000
12,1988-11-25,1.095249
12,1988-11-28,1.118194
12,1988-11-29,1.116333
12,1988-11-30,1.089306
12,1988-12-01,1.082861
12,1988-12-02,1.088667
12,1988-12-05,1.090083
12,1988-12-06,1.098472
12,1988-12-07,1.100556
12,1988-12-08,1.114806
12,1988-12-09,1.128000
12,1988-12-12,1.138944
12,1988-12-13,1.158417
12,1988-12-14,1.173528
12,1988-12-15,1.191194
12,1988-12-16,1.209666
12,1988-12-19,1.230417
12,1988-12-20,1.266306
12,1988-12-21,1.292361
12,1988-12-22,1.303028
12,1988-12-23,1.293333
12,1988-12-26,1.294167
12,1988-12-27,1.323472
12,1988-12-28,1.322639
12,1988-12-29,1.261333
12,1988-12-30,1.261332
12,1989-01-02,1.226611
12,1989-01-03,1.234528
12,1989-01-04,1.235778
12,1989-01-05,1.220056
12,1989-01-06,1.226916
12,1989-01-09,1.221750
12,1989-01-10,1.220389
12,1989-01-11,1.233250
12,1989-01-12,1.224167
12,1989-01-13,2.148335
12,1989-01-18,0.787000
12,1989-01-19,0.800167
12,1989-01-20,0.822168
12,1989-01-23,0.827167
12,1989-01-24,0.838306
12,1989-01-25,0.845500
12,1989-01-26,0.840472
12,1989-01-27,0.841917
12,1989-01-30,0.855361
12,1989-01-31,0.883639
12,1989-02-01,0.907139
12,1989-02-02,0.913389
12,1989-02-03,0.947915
12,1989-02-08,0.948000
12,1989-02-09,0.931806
12,1989-02-10,0.983082
12,1989-02-13,0.989778
12,1989-02-14,1.004361
12,1989-02-15,1.005583
12,1989-02-16,1.003139
12,1989-02-17,1.014999
12,1989-02-20,1.030750
12,1989-02-21,1.048611
12,1989-02-22,1.056083
12,1989-02-23,1.036056
12,1989-02-24,1.023918
12,1989-02-27,0.994972
12,1989-02-28,0.941139
12,1989-03-01,0.967611
12,1989-03-02,0.923417
12,1989-03-03,0.935751
12,1989-03-06,0.953722
12,1989-03-07,0.948500
12,1989-03-08,0.950056
12,1989-03-09,0.949694
12,1989-03-10,0.948582
12,1989-03-13,0.945417
12,1989-03-14,0.945417
12,1989-03-15,0.945417
12,1989-03-16,0.924500
12,1989-03-17,0.915501
12,1989-03-20,0.883917
12,1989-03-21,0.848278
12,1989-03-22,0.835555
12,1989-03-27,0.807361
12,1989-03-28,0.814861
12,1989-03-29,0.800139
12,1989-03-30,0.775667
12,1989-03-31,0.765417
12,1989-04-03,0.762694
12,1989-04-04,0.738333
12,1989-04-05,0.729639
12,1989-04-06,0.681194
12,1989-04-07,0.676749
12,1989-04-10,0.653917
12,1989-04-11,0.631972
12,1989-04-12,0.608111
12,1989-04-13,0.570194
12,1989-04-14,0.543000
12,1989-04-18,0.506944
12,1989-04-19,0.453806
12,1989-04-20,0.476917
12,1989-04-21,0.477918
12,1989-04-24,0.485167
12,1989-04-25,0.475250
12,1989-04-26,0.475250
12,1989-04-27,0.471556
12,1989-04-28,0.471556
12,1989-05-02,0.474167
12,1989-05-03,0.473806
12,1989-05-04,0.482139
12,1989-05-05,0.507333
12,1989-05-08,0.513972
12,1989-05-09,0.503333
12,1989-05-10,0.503778
12,1989-05-11,0.511250
12,1989-05-12,0.523332
12,1989-05-15,0.520333
12,1989-05-16,0.522639
12,1989-05-17,0.510500
12,1989-05-18,0.506861
12,1989-05-19,0.500667
12,1989-05-22,0.484278
12,1989-05-23,0.489333
12,1989-05-24,0.493334
12,1989-05-26,0.570834
12,1989-05-29,0.578139
12,1989-05-30,0.648833
12,1989-05-31,0.680694
12,1989-06-01,0.708417
12,1989-06-02,0.736167
12,1989-06-05,0.731833
12,1989-06-06,0.760333
12,1989-06-07,0.797944
12,1989-06-08,0.843139
12,1989-06-09,0.862584
12,1989-06-12,0.884583
12,1989-06-13,0.948917
12,1989-06-14,1.090750
12,1989-06-15,1.251194
12,1989-06-16,1.211334
12,1989-06-19,1.213222
12,1989-06-20,1.216528
12,1989-06-21,1.220639
12,1989-06-22,1.229556
12,1989-06-23,1.356417
12,1989-06-26,1.516778
12,1989-06-27,1.483389
12,1989-06-28,1.468833
12,1989-06-29,1.406139
12,1989-06-30,1.367751
12,1989-07-03,1.388472
12,1989-07-04,1.295944
12,1989-07-05,1.347194
12,1989-07-06,1.360361
12,1989-07-07,1.345500
12,1989-07-10,1.367444
12,1989-07-11,1.356639
12,1989-07-12,1.362556
12,1989-07-13,1.386972
12,1989-07-14,1.374583
12,1989-07-17,1.428528
12,1989-07-18,1.390500
12,1989-07-19,1.366306
12,1989-07-20,1.336472
12,1989-07-21,1.367167
12,1989-07-24,1.357778
12,1989-07-25,1.368833
12,1989-07-26,1.363750
12,1989-07-27,1.334694
12,1989-07-28,1.323500
12,1989-07-31,1.303944
12,1989-08-01,1.315889
12,1989-08-02,1.301139
12,1989-08-03,1.291472
12,1989-08-04,1.297250
12,1989-08-07,1.301750
12,1989-08-08,1.303194
12,1989-08-09,1.302889
12,1989-08-10,1.310583
12,1989-08-11,1.322000
12,1989-08-14,1.318028
12,1989-08-15,1.312639
12,1989-08-16,1.304528
12,1989-08-17,1.293556
12,1989-08-18,1.295250
12,1989-08-21,1.306611
12,1989-08-22,1.304167
12,1989-08-23,1.296444
12,1989-08-24,1.307639
12,1989-08-25,1.333167
12,1989-08-28,1.329917
12,1989-08-29,1.374833
12,1989-08-30,1.454611
12,1989-08-31,1.534306
12,1989-09-01,1.559500
12,1989-09-04,1.546972
12,1989-09-05,1.551639
12,1989-09-06,1.547556
12,1989-09-08,1.552083
12,1989-09-11,1.552500
12,1989-09-12,1.551083
12,1989-09-13,1.550917
12,1989-09-14,1.574750
12,1989-09-15,1.586833
12,1989-09-18,1.583139
12,1989-09-19,1.582194
12,1989-09-20,1.582806
12,1989-09-21,1.586583
12,1989-09-22,1.757667
12,1989-09-25,1.805722
12,1989-09-26,1.810972
12,1989-09-27,1.814306
12,1989-09-28,1.828500
12,1989-09-29,1.802750
12,1989-10-02,1.834750
12,1989-10-03,1.818361
12,1989-10-04,1.835167
12,1989-10-05,1.855222
12,1989-10-06,1.847444
12,1989-10-10,1.834278
12,1989-10-11,1.816278
12,1989-10-12,1.865000
12,1989-10-13,1.861083
12,1989-10-16,1.850222
12,1989-10-17,1.850111
12,1989-10-18,1.841667
12,1989-10-19,1.846333
12,1989-10-20,1.846750
12,1989-10-23,1.845806
12,1989-10-24,1.846750
12,1989-10-25,1.848583
12,1989-10-26,1.851000
12,1989-10-27,1.928167
12,1989-10-30,1.947222
12,1989-10-31,1.978556
12,1989-11-01,1.995500
12,1989-11-03,1.982250
12,1989-11-06,1.977389
12,1989-11-07,1.967278
12,1989-11-08,1.968444
12,1989-11-09,1.967972
12,1989-11-10,1.962583
12,1989-11-13,1.958361
12,1989-11-14,1.957167
12,1989-11-16,1.953778
12,1989-11-17,1.960417
12,1989-11-20,1.963528
12,1989-11-21,1.953667
12,1989-11-22,1.958028
12,1989-11-23,1.958944
12,1989-11-24,2.005000
12,1989-11-27,2.002889
12,1989-11-28,1.994556
12,1989-11-29,2.019722
12,1989-11-30,2.131667
12,1989-12-01,2.193667
12,1989-12-04,2.220028
12,1989-12-05,2.214778
12,1989-12-06,2.191778
12,1989-12-07,2.257417
12,1989-12-08,2.301250
12,1989-12-11,2.410556
12,1989-12-12,2.479250
12,1989-12-13,2.464056
12,1989-12-14,2.522833
12,1989-12-15,2.511083
12,1989-12-18,2.497611
12,1989-12-19,2.486472
12,1989-12-20,2.619944
12,1989-12-21,2.827528
12,1989-12-22,2.872333
12,1989-12-26,2.813500
12,1989-12-27,2.789583
12,1989-12-28,2.776528
12,1989-12-29,2.776528
12,1990-01-02,2.655806
12,1990-01-03,2.649278
12,1990-01-04,2.225639
12,1990-01-05,2.242583
12,1990-01-08,2.255333
12,1990-01-09,2.260139
12,1990-01-10,2.244528
12,1990-01-11,2.263000
12,1990-01-12,2.343250
12,1990-01-15,2.347417
12,1990-01-16,2.097722
12,1990-01-17,2.119611
12,1990-01-18,2.144750
12,1990-01-19,2.210750
12,1990-01-22,2.329806
12,1990-01-23,2.361944
12,1990-01-24,2.444778
12,1990-01-25,2.523278
12,1990-01-26,2.601917
12,1990-01-29,2.659583
12,1990-01-30,2.751028
12,1990-01-31,2.910083
12,1990-02-01,2.949833
12,1990-02-02,3.069000
12,1990-02-05,3.182306
12,1990-02-06,3.298194
12,1990-02-07,3.321861
12,1990-02-08,3.317333
12,1990-02-09,3.331917
12,1990-02-12,3.383583
12,1990-02-13,3.472806
12,1990-02-14,3.487028
12,1990-02-15,3.512583
12,1990-02-16,3.518000
12,1990-02-19,3.543500
12,1990-02-20,3.545222
12,1990-02-21,3.432028
12,1990-02-22,3.334611
12,1990-02-23,3.008444
12,1990-02-28,3.008444
12,1990-03-01,2.825722
12,1990-03-02,2.858667
12,1990-03-05,2.864472
12,1990-03-06,2.832889
12,1990-03-07,2.801472
12,1990-03-08,2.765472
12,1990-03-09,2.679250
12,1990-03-12,2.548722
12,1990-03-13,2.629083
12,1990-03-19,0.625333
12,1990-03-20,0.624333
12,1990-03-21,0.622333
12,1990-03-22,0.620000
12,1990-03-23,0.631333
12,1990-03-26,0.630667
12,1990-03-27,0.642667
12,1990-03-28,0.693333
12,1990-03-29,0.746667
12,1990-03-30,0.748667
12,1990-04-02,0.443000
12,1990-04-03,0.427667
12,1990-04-04,0.383000
12,1990-04-05,0.341333
12,1990-04-06,0.319667
12,1990-04-09,0.339667
12,1990-04-10,0.366333
12,1990-04-11,0.406000
12,1990-04-16,0.277917
12,1990-04-17,0.227333
12,1990-04-18,0.187000
12,1990-04-19,0.155333
12,1990-04-20,0.153333
12,1990-04-23,0.146667
12,1990-04-24,0.152000
12,1990-04-25,0.147667
12,1990-04-26,0.148667
12,1990-04-27,0.157667
12,1990-04-30,0.223000
12,1990-05-02,0.271000
12,1990-05-03,0.258667
12,1990-05-04,0.242667
12,1990-05-07,0.242000
12,1990-05-08,0.234667
12,1990-05-09,0.236333
12,1990-05-10,0.238333
12,1990-05-11,0.246667
12,1990-05-14,0.266667
12,1990-05-15,0.258667
12,1990-05-16,0.254667
12,1990-05-17,0.261333
12,1990-05-18,0.266333
12,1990-05-21,0.264333
12,1990-05-22,0.266667
12,1990-05-23,0.264667
12,1990-05-24,0.265333
12,1990-05-25,0.277333
12,1990-05-28,0.278667
12,1990-05-29,0.285000
12,1990-05-30,0.286333
12,1990-05-31,0.309667
12,1990-06-01,0.365333
12,1990-06-04,0.356000
12,1990-06-05,0.350333
12,1990-06-06,0.357000
12,1990-06-07,0.383667
12,1990-06-08,0.398667
12,1990-06-11,0.432667
12,1990-06-12,0.447000
12,1990-06-13,0.429000
12,1990-06-15,0.415000
12,1990-06-18,0.466333
12,1990-06-19,0.435333
12,1990-06-20,0.436333
12,1990-06-21,0.426000
12,1990-06-22,0.494333
12,1990-06-25,0.539333
12,1990-06-26,0.505000
12,1990-06-27,0.538333
12,1990-06-28,0.563333
12,1990-06-29,0.649667
12,1990-07-02,0.575000
12,1990-07-03,0.597000
12,1990-07-04,0.635000
12,1990-07-05,0.647000
12,1990-07-06,0.661333
12,1990-07-09,0.650333
12,1990-07-10,0.616667
12,1990-07-11,0.654667
12,1990-07-12,0.605667
12,1990-07-13,0.671667
12,1990-07-16,0.656667
12,1990-07-17,0.641667
12,1990-07-18,0.640667
12,1990-07-19,0.601333
12,1990-07-20,0.614000
12,1990-07-23,0.610000
12,1990-07-24,0.574667
12,1990-07-25,0.561667
12,1990-07-26,0.556000
12,1990-07-27,0.590333
12,1990-07-30,0.560000
12,1990-07-31,0.522667
12,1990-08-01,0.494667
12,1990-08-02,0.520333
12,1990-08-03,0.541000
12,1990-08-06,0.520667
12,1990-08-07,0.523000
12,1990-08-08,0.493000
12,1990-08-09,0.528000
12,1990-08-10,0.531333
12,1990-08-13,0.492333
12,1990-08-14,0.531333
12,1990-08-15,0.502333
12,1990-08-16,0.532000
12,1990-08-17,0.593000
12,1990-08-20,0.569000
12,1990-08-21,0.644667
12,1990-08-22,0.491000
12,1990-08-23,0.443000
12,1990-08-24,0.430333
12,1990-08-27,0.503333
12,1990-08-28,0.432333
12,1990-08-29,0.440667
12,1990-08-30,0.540333
12,1990-08-31,0.645333
12,1990-09-03,0.615000
12,1990-09-04,0.619667
12,1990-09-05,0.605333
12,1990-09-06,0.672000
12,1990-09-10,0.785333
12,1990-09-11,0.879333
12,1990-09-12,0.799000
12,1990-09-13,0.809333
12,1990-09-14,0.862000
12,1990-09-17,1.126667
12,1990-09-18,0.981333
12,1990-09-19,0.962333
12,1990-09-20,0.908333
12,1990-09-21,1.007667
12,1990-09-24,0.896000
12,1990-09-25,0.814667
12,1990-09-26,0.900667
12,1990-09-27,0.919333
12,1990-09-28,1.033333
12,1990-10-01,0.861000
12,1990-10-02,0.986000
12,1990-10-04,0.868000
12,1990-10-05,1.027667
12,1990-10-09,1.040333
12,1990-10-10,1.034333
12,1990-10-11,0.868667
12,1990-10-12,0.909333
12,1990-10-15,1.028000
12,1990-10-16,1.104667
12,1990-10-17,1.096667
12,1990-10-18,1.019000
12,1990-10-19,1.109667
12,1990-10-22,1.086000
12,1990-10-23,1.053667
12,1990-10-24,0.895667
12,1990-10-25,0.757000
12,1990-10-26,0.801000
12,1990-10-29,0.864667
12,1990-10-30,0.768333
12,1990-10-31,0.774700
12,1990-11-01,0.879333
12,1990-11-05,1.061667
12,1990-11-06,1.043667
12,1990-11-07,0.890333
12,1990-11-08,0.953000
12,1990-11-09,0.954667
12,1990-11-12,1.079000
12,1990-11-13,0.974000
12,1990-11-14,1.112000
12,1990-11-16,1.319333
12,1990-11-19,1.375000
12,1990-11-20,1.103667
12,1990-11-21,0.976000
12,1990-11-22,0.943333
12,1990-11-23,0.987667
12,1990-11-26,0.989667
12,1990-11-27,0.937667
12,1990-11-28,1.061667
12,1990-11-29,1.025333
12,1990-11-30,1.187333
12,1990-12-03,0.948333
12,1990-12-04,0.956667
12,1990-12-05,1.075000
12,1990-12-06,1.016667
12,1990-12-07,1.145000
12,1990-12-10,1.157000
12,1990-12-11,1.161667
12,1990-12-12,1.124333
12,1990-12-13,1.052000
12,1990-12-14,1.006000
12,1990-12-17,1.122667
12,1990-12-18,1.127667
12,1990-12-19,1.139333
12,1990-12-20,2.517667
12,1990-12-21,2.482000
12,1990-12-26,1.693333
12,1990-12-27,1.132000
12,1990-12-28,2.852333
12,1991-01-02,0.933000
12,1991-01-03,0.952333
12,1991-01-04,0.865667
12,1991-01-07,0.812333
12,1991-01-08,0.900333
12,1991-01-09,0.920667
12,1991-01-10,0.881667
12,1991-01-11,0.934333
12,1991-01-14,1.070000
12,1991-01-15,0.991000
12,1991-01-16,1.014667
12,1991-01-17,1.226000
12,1991-01-18,1.174000
12,1991-01-21,0.949333
12,1991-01-22,0.866000
12,1991-01-23,0.864333
12,1991-01-24,0.947333
12,1991-01-25,0.882000
12,1991-01-28,0.923000
12,1991-01-29,0.884667
12,1991-01-30,1.015667
12,1991-01-31,1.168000
12,1991-02-04,0.448000
12,1991-02-05,0.454000
12,1991-02-06,0.399000
12,1991-02-07,0.373000
12,1991-02-08,0.365000
12,1991-02-13,0.365000
12,1991-02-14,0.542000
12,1991-02-15,0.663000
12,1991-02-18,0.843000
12,1991-02-19,0.607000
12,1991-02-20,0.590000
12,1991-02-21,0.513000
12,1991-02-22,0.467000
12,1991-02-25,0.450000
12,1991-02-26,0.440000
12,1991-02-27,0.449000
12,1991-02-28,0.411000
12,1991-03-01,0.440000
12,1991-03-04,0.449000
12,1991-03-05,0.438000
12,1991-03-06,0.434000
12,1991-03-07,0.440000
12,1991-03-08,0.443000
12,1991-03-11,0.466000
12,1991-03-12,0.539000
12,1991-03-13,0.521000
12,1991-03-14,0.488000
12,1991-03-15,0.491000
12,1991-03-18,0.629000
12,1991-03-19,0.515000
12,1991-03-20,0.514000
12,1991-03-21,0.528000
12,1991-03-22,0.572000
12,1991-03-25,0.564000
12,1991-03-26,0.529000
12,1991-03-27,0.563000
12,1991-04-01,0.484000
12,1991-04-02,0.600000
12,1991-04-03,0.493000
12,1991-04-04,0.508000
12,1991-04-05,0.507000
12,1991-04-08,0.582000
12,1991-04-09,0.580000
12,1991-04-10,0.570000
12,1991-04-11,0.617000
12,1991-04-12,0.610000
12,1991-04-15,0.655000
12,1991-04-16,0.753000
12,1991-04-17,0.599000
12,1991-04-18,0.558000
12,1991-04-19,0.571000
12,1991-04-22,0.533000
12,1991-04-23,0.456000
12,1991-04-24,0.424000
12,1991-04-25,0.419000
12,1991-04-26,0.425000
12,1991-04-29,0.421000
12,1991-04-30,0.436000
12,1991-05-02,0.474000
12,1991-05-03,0.505000
12,1991-05-06,0.589000
12,1991-05-07,0.589000
12,1991-05-08,0.522000
12,1991-05-09,0.562000
12,1991-05-10,0.771000
12,1991-05-13,1.256000
12,1991-05-14,0.805000
12,1991-05-15,0.548000
12,1991-05-16,0.702000
12,1991-05-17,0.574000
12,1991-05-20,0.492000
12,1991-05-21,0.481000
12,1991-05-22,0.434000
12,1991-05-23,0.431000
12,1991-05-24,0.430000
12,1991-05-27,0.432000
12,1991-05-28,0.435000
12,1991-05-29,0.441000
12,1991-05-31,0.468000
12,1991-06-03,0.533000
12,1991-06-04,0.484000
12,1991-06-05,0.473000
12,1991-06-06,0.478000
12,1991-06-07,0.474000
12,1991-06-10,0.556000
12,1991-06-11,0.495000
12,1991-06-12,0.494000
12,1991-06-13,0.498000
12,1991-06-14,0.509000
12,1991-06-17,0.535000
12,1991-06-18,0.546000
12,1991-06-19,0.507000
12,1991-06-20,0.506000
12,1991-06-21,0.541000
12,1991-06-24,0.511000
12,1991-06-25,0.507000
12,1991-06-26,0.506000
12,1991-06-27,0.500000
12,1991-06-28,0.501000
12,1991-07-01,0.516000
12,1991-07-02,0.501000
12,1991-07-03,0.502000
12,1991-07-04,0.506000
12,1991-07-05,0.527000
12,1991-07-08,0.548000
12,1991-07-09,0.533000
12,1991-07-10,0.521000
12,1991-07-11,0.558000
12,1991-07-12,0.576000
12,1991-07-15,0.631000
12,1991-07-16,0.699000
12,1991-07-17,0.555000
12,1991-07-18,0.511000
12,1991-07-19,0.527000
12,1991-07-22,0.514000
12,1991-07-23,0.536000
12,1991-07-24,0.520000
12,1991-07-25,0.514000
12,1991-07-26,0.522000
12,1991-07-29,0.540000
12,1991-07-30,0.558000
12,1991-07-31,0.574000
12,1991-08-01,0.600000
12,1991-08-02,0.589000
12,1991-08-05,0.597000
12,1991-08-06,0.603000
12,1991-08-07,0.601000
12,1991-08-08,0.604000
12,1991-08-09,0.627000
12,1991-08-12,0.626000
12,1991-08-13,0.681000
12,1991-08-14,0.650000
12,1991-08-15,0.647000
12,1991-08-16,0.714000
12,1991-08-19,0.668000
12,1991-08-20,0.676000
12,1991-08-21,0.663000
12,1991-08-22,0.665000
12,1991-08-23,0.695000
12,1991-08-26,0.712000
12,1991-08-27,0.792000
12,1991-08-28,0.807000
12,1991-08-29,0.829000
12,1991-08-30,0.823000
12,1991-09-02,0.847000
12,1991-09-03,0.844000
12,1991-09-04,0.844000
12,1991-09-05,0.847000
12,1991-09-06,0.846000
12,1991-09-09,0.876000
12,1991-09-10,0.853000
12,1991-09-11,0.886000
12,1991-09-12,0.890000
12,1991-09-13,0.882000
12,1991-09-16,0.962000
12,1991-09-17,0.992000
12,1991-09-18,0.917000
12,1991-09-19,0.863000
12,1991-09-20,0.859000
12,1991-09-23,0.851000
12,1991-09-24,0.857000
12,1991-09-25,0.853667
12,1991-09-26,0.851000
12,1991-09-27,0.848000
12,1991-09-30,0.849000
12,1991-10-01,0.864000
12,1991-10-02,0.854333
12,1991-10-03,0.848667
12,1991-10-04,0.867000
12,1991-10-07,0.901667
12,1991-10-08,0.960333
12,1991-10-09,0.899000
12,1991-10-10,0.909000
12,1991-10-11,0.934000
12,1991-10-14,0.952667
12,1991-10-15,0.925000
12,1991-10-16,0.916333
12,1991-10-17,0.915000
12,1991-10-18,0.924000
12,1991-10-21,0.945333
12,1991-10-22,0.966000
12,1991-10-23,0.996333
12,1991-10-24,1.070333
12,1991-10-25,1.177000
12,1991-10-28,1.371667
12,1991-10-29,1.367333
12,1991-10-30,1.367333
12,1991-10-31,1.375667
12,1991-11-01,1.418667
12,1991-11-04,1.386000
12,1991-11-05,1.397333
12,1991-11-06,1.397667
12,1991-11-07,1.395000
12,1991-11-08,1.434333
12,1991-11-11,1.398000
12,1991-11-12,1.405333
12,1991-11-13,1.412000
12,1991-11-14,1.434667
12,1991-11-18,1.423000
12,1991-11-19,1.403000
12,1991-11-20,1.386333
12,1991-11-21,1.386000
12,1991-11-22,1.379333
12,1991-11-25,1.374667
12,1991-11-26,1.374333
12,1991-11-27,1.374000
12,1991-11-28,1.377667
12,1991-11-29,1.383333
12,1991-12-02,1.377667
12,1991-12-03,1.377333
12,1991-12-04,1.374000
12,1991-12-05,1.373667
12,1991-12-06,1.378333
12,1991-12-09,1.393333
12,1991-12-10,1.343667
12,1991-12-11,1.345000
12,1991-12-12,1.317333
12,1991-12-13,1.307000
12,1991-12-16,1.282333
12,1991-12-17,1.260333
12,1991-12-18,1.230667
12,1991-12-19,1.213000
12,1991-12-20,2.370000
12,1991-12-23,1.164667
12,1991-12-26,1.167000
12,1991-12-27,1.170333
12,1991-12-30,2.338667
12,1992-01-02,1.162000
12,1992-01-03,1.143667
12,1992-01-06,1.145333
12,1992-01-07,1.154333
12,1992-01-08,1.170667
12,1992-01-09,1.198667
12,1992-01-10,1.183333
12,1992-01-13,1.176000
12,1992-01-14,1.174667
12,1992-01-15,1.162667
12,1992-01-16,1.138333
12,1992-01-17,1.135333
12,1992-01-20,1.136000
12,1992-01-21,1.143000
12,1992-01-22,1.142667
12,1992-01-23,1.154667
12,1992-01-24,1.156000
12,1992-01-27,1.163333
12,1992-01-28,1.172333
12,1992-01-29,1.196667
12,1992-01-30,1.213000
12,1992-01-31,1.241000
12,1992-02-03,1.266333
12,1992-02-04,1.269000
12,1992-02-05,1.270667
12,1992-02-06,1.274667
12,1992-02-07,1.279000
12,1992-02-10,1.280333
12,1992-02-11,1.278667
12,1992-02-12,1.278667
12,1992-02-13,1.278333
12,1992-02-14,1.273333
12,1992-02-17,1.278333
12,1992-02-18,1.274667
12,1992-02-19,1.275333
12,1992-02-20,1.274667
12,1992-02-21,1.267667
12,1992-02-24,1.263667
12,1992-02-25,1.258667
12,1992-02-26,1.255667
12,1992-02-27,1.250333
12,1992-02-28,2.516667
12,1992-03-05,1.249333
12,1992-03-06,1.249000
12,1992-03-09,1.248000
12,1992-03-10,1.244000
12,1992-03-11,1.218667
12,1992-03-12,1.224667
12,1992-03-13,1.216667
12,1992-03-16,1.177000
12,1992-03-17,1.165667
12,1992-03-18,1.166333
12,1992-03-19,1.157667
12,1992-03-20,1.163000
12,1992-03-23,1.156333
12,1992-03-24,1.161667
12,1992-03-25,1.161333
12,1992-03-26,1.159000
12,1992-03-27,1.161667
12,1992-03-30,1.160000
12,1992-03-31,1.171667
12,1992-04-01,1.173333
12,1992-04-02,1.173000
12,1992-04-03,1.171333
12,1992-04-06,1.172667
12,1992-04-07,1.170333
12,1992-04-08,1.167000
12,1992-04-09,1.165000
12,1992-04-10,1.161667
12,1992-04-13,1.162333
12,1992-04-14,1.154333
12,1992-04-15,1.156000
12,1992-04-20,1.107333
12,1992-04-22,1.088667
12,1992-04-23,1.070333
12,1992-04-24,1.073333
12,1992-04-27,1.071000
12,1992-04-28,1.067667
12,1992-04-29,1.064333
12,1992-04-30,1.063000
12,1992-05-04,1.065333
12,1992-05-05,1.065667
12,1992-05-06,1.064667
12,1992-05-07,1.065000
12,1992-05-08,1.066000
12,1992-05-11,1.059333
12,1992-05-12,1.051000
12,1992-05-13,1.040667
12,1992-05-14,1.021333
12,1992-05-15,1.029333
12,1992-05-18,1.023000
12,1992-05-19,1.021667
12,1992-05-20,1.019333
12,1992-05-21,1.016333
12,1992-05-22,1.020333
12,1992-05-25,1.022000
12,1992-05-26,1.023333
12,1992-05-27,1.022000
12,1992-05-28,1.022333
12,1992-05-29,1.040000
12,1992-06-01,1.044000
12,1992-06-02,1.044667
12,1992-06-03,1.045000
12,1992-06-04,1.048333
12,1992-06-05,1.048333
12,1992-06-08,1.046333
12,1992-06-09,1.045667
12,1992-06-10,1.045333
12,1992-06-11,1.041667
12,1992-06-12,1.041333
12,1992-06-15,1.042000
12,1992-06-16,1.042000
12,1992-06-17,1.042333
12,1992-06-19,1.042333
12,1992-06-22,1.041667
12,1992-06-23,1.037000
12,1992-06-24,1.030667
12,1992-06-25,1.026667
12,1992-06-26,1.023333
12,1992-06-29,1.023000
12,1992-06-30,1.017333
12,1992-07-01,1.020667
12,1992-07-02,1.021667
12,1992-07-03,1.022667
12,1992-07-06,1.021000
12,1992-07-07,1.020000
12,1992-07-08,1.018000
12,1992-07-09,1.018000
12,1992-07-10,1.018667
12,1992-07-13,1.018333
12,1992-07-14,1.018333
12,1992-07-15,1.017000
12,1992-07-16,1.017000
12,1992-07-17,1.016333
12,1992-07-20,1.012333
12,1992-07-21,1.008667
12,1992-07-22,1.004333
12,1992-07-23,1.003333
12,1992-07-24,1.004333
12,1992-07-27,1.005667
12,1992-07-28,1.003667
12,1992-07-29,1.032333
12,1992-07-30,1.060000
12,1992-07-31,1.092667
12,1992-08-03,1.092000
12,1992-08-04,1.091000
12,1992-08-05,1.090333
12,1992-08-06,1.092000
12,1992-08-07,1.092000
12,1992-08-10,1.091667
12,1992-08-11,1.090333
12,1992-08-12,1.090000
12,1992-08-13,1.090000
12,1992-08-14,1.091000
12,1992-08-17,1.090333
12,1992-08-18,1.089667
12,1992-08-19,1.089667
12,1992-08-20,1.089000
12,1992-08-21,1.087333
12,1992-08-24,1.088333
12,1992-08-25,1.088000
12,1992-08-26,1.088000
12,1992-08-27,1.104000
12,1992-08-28,1.124333
12,1992-08-31,1.171667
12,1992-09-01,1.169333
12,1992-09-02,1.169333
12,1992-09-03,1.172000
12,1992-09-04,1.172667
12,1992-09-08,1.168000
12,1992-09-09,1.172000
12,1992-09-10,1.169000
12,1992-09-11,1.167667
12,1992-09-14,1.162333
12,1992-09-15,1.164667
12,1992-09-16,1.166000
12,1992-09-17,1.165667
12,1992-09-18,1.163333
12,1992-09-21,1.163667
12,1992-09-22,1.164667
12,1992-09-23,1.164667
12,1992-09-24,1.163333
12,1992-09-25,1.166667
12,1992-09-28,1.174000
12,1992-09-29,1.178667
12,1992-09-30,1.194333
12,1992-10-01,1.196667
12,1992-10-02,1.195000
12,1992-10-05,1.197000
12,1992-10-06,1.199000
12,1992-10-07,1.196667
12,1992-10-08,1.186333
12,1992-10-09,1.179667
12,1992-10-13,1.182000
12,1992-10-14,1.184000
12,1992-10-15,1.183667
12,1992-10-16,1.183000
12,1992-10-19,1.180000
12,1992-10-20,1.177000
12,1992-10-21,1.177333
12,1992-10-22,1.177000
12,1992-10-23,1.177333
12,1992-10-26,1.179000
12,1992-10-27,1.187333
12,1992-10-28,1.200000
12,1992-10-29,1.212667
12,1992-10-30,1.235000
12,1992-11-03,1.236000
12,1992-11-04,1.238667
12,1992-11-05,1.238333
12,1992-11-06,1.238667
12,1992-11-09,1.239000
12,1992-11-10,1.236333
12,1992-11-11,1.233000
12,1992-11-12,1.235667
12,1992-11-13,1.220000
12,1992-11-16,1.206000
12,1992-11-17,1.190333
12,1992-11-18,1.174000
12,1992-11-19,1.160333
12,1992-11-20,1.133667
12,1992-11-23,1.103000
12,1992-11-24,1.070333
12,1992-11-25,1.034333
12,1992-11-26,1.051667
12,1992-11-27,1.050333
12,1992-11-30,1.031000
12,1992-12-01,1.030667
12,1992-12-02,1.029333
12,1992-12-03,1.027000
12,1992-12-04,1.022333
12,1992-12-07,1.019000
12,1992-12-08,1.021667
12,1992-12-09,1.023000
12,1992-12-10,1.023333
12,1992-12-11,1.024333
12,1992-12-14,1.025333
12,1992-12-15,1.025667
12,1992-12-16,1.029667
12,1992-12-17,1.035000
12,1992-12-18,1.050667
12,1992-12-21,1.080000
12,1992-12-22,2.173333
12,1992-12-23,1.089000
12,1992-12-28,1.108333
12,1992-12-29,1.131333
12,1992-12-30,2.336000
12,1993-01-04,1.197333
12,1993-01-05,1.197333
12,1993-01-06,1.198667
12,1993-01-07,1.203667
12,1993-01-08,1.205667
12,1993-01-11,1.205667
12,1993-01-12,1.206333
12,1993-01-13,1.208667
12,1993-01-14,1.219333
12,1993-01-15,1.234333
12,1993-01-18,1.250000
12,1993-01-19,1.248333
12,1993-01-20,1.264333
12,1993-01-21,1.292333
12,1993-01-22,1.323000
12,1993-01-25,1.367667
12,1993-01-26,1.383000
12,1993-01-27,1.399000
12,1993-01-28,1.415667
12,1993-01-29,1.431333
12,1993-02-01,1.441333
12,1993-02-02,1.456667
12,1993-02-03,1.465333
12,1993-02-04,1.462000
12,1993-02-05,1.460667
12,1993-02-08,1.462667
12,1993-02-09,1.458000
12,1993-02-10,1.455333
12,1993-02-11,1.453000
12,1993-02-12,1.447000
12,1993-02-15,1.442667
12,1993-02-16,1.428333
12,1993-02-17,1.402333
12,1993-02-18,1.367000
12,1993-02-19,2.673000
12,1993-02-25,1.240000
12,1993-02-26,1.202333
12,1993-03-01,1.196667
12,1993-03-02,1.159333
12,1993-03-03,1.101667
12,1993-03-04,1.063667
12,1993-03-05,1.045667
12,1993-03-08,1.031000
12,1993-03-09,1.028333
12,1993-03-10,1.032333
12,1993-03-11,1.030333
12,1993-03-12,1.031333
12,1993-03-15,1.032000
12,1993-03-16,1.032333
12,1993-03-17,1.037333
12,1993-03-18,1.043667
12,1993-03-19,1.060333
12,1993-03-22,1.071000
12,1993-03-23,1.077000
12,1993-03-24,1.080000
12,1993-03-25,1.095667
12,1993-03-26,1.125333
12,1993-03-29,1.200333
12,1993-03-30,1.285000
12,1993-03-31,1.383333
12,1993-04-01,1.398000
12,1993-04-02,1.402333
12,1993-04-05,1.419667
12,1993-04-06,1.423000
12,1993-04-07,1.427333
12,1993-04-12,1.435333
12,1993-04-13,1.432000
12,1993-04-14,1.432667
12,1993-04-15,1.435000
12,1993-04-16,1.434000
12,1993-04-19,1.428333
12,1993-04-20,1.420000
12,1993-04-22,1.408667
12,1993-04-23,1.403333
12,1993-04-26,1.406333
12,1993-04-27,1.389667
12,1993-04-28,1.374333
12,1993-04-29,1.346333
12,1993-04-30,1.302333
12,1993-05-03,1.305333
12,1993-05-04,1.304333
12,1993-05-05,1.298333
12,1993-05-06,1.289000
12,1993-05-07,1.284333
12,1993-05-10,1.276000
12,1993-05-11,1.274333
12,1993-05-12,1.267000
12,1993-05-13,1.264333
12,1993-05-14,1.268000
12,1993-05-17,1.269000
12,1993-05-18,1.275333
12,1993-05-19,1.274333
12,1993-05-20,1.275667
12,1993-05-21,1.279667
12,1993-05-24,1.284667
12,1993-05-25,1.292333
12,1993-05-26,1.303000
12,1993-05-27,1.320333
12,1993-05-28,1.349000
12,1993-05-31,1.366000
12,1993-06-01,1.366333
12,1993-06-02,1.365000
12,1993-06-03,1.362667
12,1993-06-04,1.357333
12,1993-06-07,1.351667
12,1993-06-08,1.351000
12,1993-06-09,1.346333
12,1993-06-11,1.343667
12,1993-06-14,1.340000
12,1993-06-15,1.334667
12,1993-06-16,1.328000
12,1993-06-17,1.320000
12,1993-06-18,1.310333
12,1993-06-21,1.300000
12,1993-06-22,1.290333
12,1993-06-23,1.290667
12,1993-06-24,1.287667
12,1993-06-25,1.290333
12,1993-06-28,1.287333
12,1993-06-29,1.285000
12,1993-06-30,1.286333
12,1993-07-01,1.288000
12,1993-07-02,1.288000
12,1993-07-05,1.290333
12,1993-07-06,1.292000
12,1993-07-07,1.292667
12,1993-07-08,1.292667
12,1993-07-09,1.290333
12,1993-07-12,1.290667
12,1993-07-13,1.292000
12,1993-07-14,1.293000
12,1993-07-15,1.292667
12,1993-07-16,1.292000
12,1993-07-19,1.292000
12,1993-07-20,1.292667
12,1993-07-21,1.292333
12,1993-07-22,1.292667
12,1993-07-23,1.294333
12,1993-07-26,1.294667
12,1993-07-27,1.297333
12,1993-07-28,1.314000
12,1993-07-29,1.330333
12,1993-07-30,1.346333
12,1993-08-02,1.354000
12,1993-08-03,1.349333
12,1993-08-04,1.347333
12,1993-08-05,1.347333
12,1993-08-06,1.350333
12,1993-08-09,1.346667
12,1993-08-10,1.347000
12,1993-08-11,1.342667
12,1993-08-12,1.343667
12,1993-08-13,1.346000
12,1993-08-16,1.348000
12,1993-08-17,1.347667
12,1993-08-18,1.348667
12,1993-08-19,1.351667
12,1993-08-20,1.355333
12,1993-08-23,1.357667
12,1993-08-24,1.368667
12,1993-08-25,1.387000
12,1993-08-26,1.404000
12,1993-08-27,1.421667
12,1993-08-30,1.437667
12,1993-08-31,1.461667
12,1993-09-01,1.461667
12,1993-09-02,1.461333
12,1993-09-03,1.460667
12,1993-09-06,1.463000
12,1993-09-08,1.471000
12,1993-09-09,1.481667
12,1993-09-10,1.484000
12,1993-09-13,1.488333
12,1993-09-14,1.494667
12,1993-09-15,1.501000
12,1993-09-16,1.504000
12,1993-09-17,1.508667
12,1993-09-20,1.529000
12,1993-09-21,1.549000
12,1993-09-22,1.556333
12,1993-09-23,1.573000
12,1993-09-24,1.585333
12,1993-09-27,1.597667
12,1993-09-28,1.611000
12,1993-09-29,1.619667
12,1993-09-30,1.636667
12,1993-10-01,1.639000
12,1993-10-04,1.638333
12,1993-10-05,1.638000
12,1993-10-06,1.637667
12,1993-10-07,1.638000
12,1993-10-08,1.638000
12,1993-10-11,1.638000
12,1993-10-13,1.637667
12,1993-10-14,1.636667
12,1993-10-15,1.637000
12,1993-10-18,1.637333
12,1993-10-19,1.637667
12,1993-10-20,1.637667
12,1993-10-21,1.638000
12,1993-10-22,1.638000
12,1993-10-25,1.638000
12,1993-10-26,1.638000
12,1993-10-27,1.638000
12,1993-10-28,1.635667
12,1993-10-29,1.636667
12,1993-11-01,1.637667
12,1993-11-03,1.638000
12,1993-11-04,1.638000
12,1993-11-05,1.638000
12,1993-11-08,1.637667
12,1993-11-09,1.637667
12,1993-11-10,1.637667
12,1993-11-11,1.634667
12,1993-11-12,1.636667
12,1993-11-16,1.637333
12,1993-11-17,1.637333
12,1993-11-18,1.637000
12,1993-11-19,1.636000
12,1993-11-22,1.636667
12,1993-11-23,1.637000
12,1993-11-24,1.636667
12,1993-11-25,1.636333
12,1993-11-26,1.636000
12,1993-11-29,1.629333
12,1993-11-30,1.421667
12,1993-12-01,1.422667
12,1993-12-02,1.422667
12,1993-12-03,1.422333
12,1993-12-06,1.422333
12,1993-12-07,1.422667
12,1993-12-08,1.423333
12,1993-12-09,1.423667
12,1993-12-10,1.426667
12,1993-12-13,1.501000
12,1993-12-14,1.500333
12,1993-12-15,1.500000
12,1993-12-16,1.499667
12,1993-12-17,1.499667
12,1993-12-20,1.499333
12,1993-12-21,1.499333
12,1993-12-22,3.017000
12,1993-12-23,1.497000
12,1993-12-27,1.533333
12,1993-12-28,1.566333
12,1993-12-29,1.596667
12,1993-12-30,3.314333
12,1994-01-03,1.670333
12,1994-01-04,1.670333
12,1994-01-05,1.670000
12,1994-01-06,1.669667
12,1994-01-07,1.669333
12,1994-01-10,1.669333
12,1994-01-11,1.669667
12,1994-01-12,1.670000
12,1994-01-13,1.670000
12,1994-01-14,1.670000
12,1994-01-17,1.670333
12,1994-01-18,1.734000
12,1994-01-19,1.733667
12,1994-01-20,1.738667
12,1994-01-21,1.740333
12,1994-01-24,1.734333
12,1994-01-25,1.800333
12,1994-01-26,1.800000
12,1994-01-27,1.800000
12,1994-01-28,1.796667
12,1994-01-31,2.005667
12,1994-02-01,2.007000
12,1994-02-02,2.007000
12,1994-02-03,2.007000
12,1994-02-04,1.989000
12,1994-02-07,1.989000
12,1994-02-08,1.989000
12,1994-02-09,1.989000
12,1994-02-10,1.965667
12,1994-02-11,3.970667
12,1994-02-17,1.966000
12,1994-02-18,1.966000
12,1994-02-21,1.965667
12,1994-02-22,1.906000
12,1994-02-23,1.905667
12,1994-02-24,1.905667
12,1994-02-25,1.900333
12,1994-02-28,1.630667
12,1994-03-01,1.631000
12,1994-03-02,1.630667
12,1994-03-03,1.630333
12,1994-03-04,1.630667
12,1994-03-07,1.631000
12,1994-03-08,1.683667
12,1994-03-09,1.684333
12,1994-03-10,1.684000
12,1994-03-11,1.687333
12,1994-03-14,1.693667
12,1994-03-15,1.693667
12,1994-03-16,1.693667
12,1994-03-17,1.710333
12,1994-03-18,1.800000
12,1994-03-21,1.883667
12,1994-03-22,1.883000
12,1994-03-23,1.883333
12,1994-03-24,1.883000
12,1994-03-25,1.901333
12,1994-03-28,1.889000
12,1994-03-29,1.986333
12,1994-03-30,2.059000
12,1994-04-04,2.064333
12,1994-04-05,2.064333
12,1994-04-06,2.068667
12,1994-04-07,2.067667
12,1994-04-08,2.067333
12,1994-04-11,2.067333
12,1994-04-12,2.067000
12,1994-04-13,2.067000
12,1994-04-14,2.066667
12,1994-04-15,2.064000
12,1994-04-18,2.066000
12,1994-04-19,2.065000
12,1994-04-20,2.054333
12,1994-04-22,1.994000
12,1994-04-25,1.946000
12,1994-04-26,1.920000
12,1994-04-27,1.901000
12,1994-04-28,1.796333
12,1994-04-29,1.794667
12,1994-05-02,1.757333
12,1994-05-03,1.759333
12,1994-05-04,1.767000
12,1994-05-05,1.765333
12,1994-05-06,1.773667
12,1994-05-09,1.771667
12,1994-05-10,1.787333
12,1994-05-11,1.809000
12,1994-05-12,1.812667
12,1994-05-13,1.812667
12,1994-05-16,1.812333
12,1994-05-17,1.812333
12,1994-05-18,1.812667
12,1994-05-19,1.812000
12,1994-05-20,1.812333
12,1994-05-23,1.812333
12,1994-05-24,1.812333
12,1994-05-25,1.812333
12,1994-05-26,1.808333
12,1994-05-27,1.810000
12,1994-05-30,1.806000
12,1994-05-31,1.897667
12,1994-06-01,1.883667
12,1994-06-03,1.884333
12,1994-06-06,1.883333
12,1994-06-07,1.898667
12,1994-06-08,1.907333
12,1994-06-09,1.907333
12,1994-06-10,1.929000
12,1994-06-13,1.930667
12,1994-06-14,1.935333
12,1994-06-15,1.935333
12,1994-06-16,1.968667
12,1994-06-17,1.981333
12,1994-06-20,2.012000
12,1994-06-21,2.053667
12,1994-06-22,2.071333
12,1994-06-23,2.068667
12,1994-06-24,2.060667
12,1994-06-27,2.097000
12,1994-06-28,2.087333
12,1994-06-29,2.022000
12,1994-06-30,0.363667
12,1994-07-04,0.398000
12,1994-07-05,0.399667
12,1994-07-06,0.400000
12,1994-07-07,0.397000
12,1994-07-08,0.389000
12,1994-07-11,0.375667
12,1994-07-12,0.380000
12,1994-07-13,0.380333
12,1994-07-14,0.374667
12,1994-07-15,0.342667
12,1994-07-18,0.332333
12,1994-07-19,0.337667
12,1994-07-20,0.336333
12,1994-07-21,0.276333
12,1994-07-22,0.238000
12,1994-07-25,0.244667
12,1994-07-26,0.234000
12,1994-07-27,0.245333
12,1994-07-28,0.209667
12,1994-07-29,0.183333
12,1994-08-01,0.184333
12,1994-08-02,0.183667
12,1994-08-03,0.184333
12,1994-08-04,0.184000
12,1994-08-05,0.174333
12,1994-08-08,0.177000
12,1994-08-09,0.177333
12,1994-08-10,0.177333
12,1994-08-11,0.177333
12,1994-08-12,0.177667
12,1994-08-15,0.177000
12,1994-08-16,0.175667
12,1994-08-17,0.175667
12,1994-08-18,0.176000
12,1994-08-19,0.176000
12,1994-08-22,0.176000
12,1994-08-23,0.175333
12,1994-08-24,0.175333
12,1994-08-25,0.175333
12,1994-08-26,0.175667
12,1994-08-29,0.175333
12,1994-08-30,0.175000
12,1994-08-31,0.177333
12,1994-09-01,0.175333
12,1994-09-02,0.177667
12,1994-09-05,0.178667
12,1994-09-06,0.178667
12,1994-09-08,0.179333
12,1994-09-09,0.178667
12,1994-09-12,0.179000
12,1994-09-13,0.180000
12,1994-09-14,0.180667
12,1994-09-15,0.180000
12,1994-09-16,0.179667
12,1994-09-19,0.179333
12,1994-09-20,0.179333
12,1994-09-21,0.179333
12,1994-09-22,0.179333
12,1994-09-23,0.179000
12,1994-09-26,0.179000
12,1994-09-27,0.180000
12,1994-09-28,0.180000
12,1994-09-29,0.180333
12,1994-09-30,0.194333
12,1994-10-04,0.187333
12,1994-10-05,0.189667
12,1994-10-06,0.188333
12,1994-10-07,0.189000
12,1994-10-10,0.188000
12,1994-10-11,0.188000
12,1994-10-13,0.188333
12,1994-10-14,0.188333
12,1994-10-17,0.188000
12,1994-10-18,0.188000
12,1994-10-19,0.188333
12,1994-10-20,0.188333
12,1994-10-21,0.188333
12,1994-10-24,0.188667
12,1994-10-25,0.188667
12,1994-10-26,0.188667
12,1994-10-27,0.189000
12,1994-10-28,0.188667
12,1994-10-31,0.201333
12,1994-11-01,0.202333
12,1994-11-03,0.202333
12,1994-11-04,0.202667
12,1994-11-07,0.203667
12,1994-11-08,0.204000
12,1994-11-09,0.204333
12,1994-11-10,0.204000
12,1994-11-11,0.203000
12,1994-11-14,0.203333
12,1994-11-16,0.203000
12,1994-11-17,0.202667
12,1994-11-18,0.202667
12,1994-11-21,0.202667
12,1994-11-22,0.202333
12,1994-11-23,0.202000
12,1994-11-24,0.201667
12,1994-11-25,0.201333
12,1994-11-28,0.201333
12,1994-11-29,0.199333
12,1994-11-30,0.183333
12,1994-12-01,0.183333
12,1994-12-02,0.183333
12,1994-12-05,0.183333
12,1994-12-06,0.175333
12,1994-12-07,0.175333
12,1994-12-08,0.175000
12,1994-12-09,0.175000
12,1994-12-12,0.174667
12,1994-12-13,0.174667
12,1994-12-14,0.172667
12,1994-12-15,0.165000
12,1994-12-16,0.165333
12,1994-12-19,0.165333
12,1994-12-20,0.165000
12,1994-12-21,0.166667
12,1994-12-22,0.167000
12,1994-12-23,0.166667
12,1994-12-26,0.168333
12,1994-12-27,0.168000
12,1994-12-28,0.168000
12,1994-12-29,0.165000
12,1994-12-30,0.165000
12,1995-01-02,0.157333
12,1995-01-03,0.161333
12,1995-01-04,0.160333
12,1995-01-05,0.157667
12,1995-01-06,0.156333
12,1995-01-09,0.156000
12,1995-01-10,0.156000
12,1995-01-11,0.152000
12,1995-01-12,0.153333
12,1995-01-13,0.154000
12,1995-01-16,0.154000
12,1995-01-17,0.154000
12,1995-01-18,0.154000
12,1995-01-19,0.154667
12,1995-01-20,0.153333
12,1995-01-23,0.153333
12,1995-01-24,0.151667
12,1995-01-25,0.151000
12,1995-01-26,0.150000
12,1995-01-27,0.149667
12,1995-01-30,0.150333
12,1995-01-31,0.178333
12,1995-02-01,0.178000
12,1995-02-02,0.178000
12,1995-02-03,0.178333
12,1995-02-06,0.179000
12,1995-02-07,0.179000
12,1995-02-08,0.178667
12,1995-02-09,0.179000
12,1995-02-10,0.179333
12,1995-02-13,0.180000
12,1995-02-14,0.179667
12,1995-02-15,0.179333
12,1995-02-16,0.180000
12,1995-02-17,0.180000
12,1995-02-20,0.180000
12,1995-02-21,0.180000
12,1995-02-22,0.180000
12,1995-02-23,0.180000
12,1995-02-24,0.140667
12,1995-03-01,0.140000
12,1995-03-02,0.140000
12,1995-03-03,0.140333
12,1995-03-06,0.140667
12,1995-03-07,0.141000
12,1995-03-08,0.142000
12,1995-03-09,0.142667
12,1995-03-10,0.249333
12,1995-03-13,0.210000
12,1995-03-14,0.203333
12,1995-03-15,0.202333
12,1995-03-16,0.202333
12,1995-03-17,0.202333
12,1995-03-20,0.202000
12,1995-03-21,0.202000
12,1995-03-22,0.201667
12,1995-03-23,0.201667
12,1995-03-24,0.201667
12,1995-03-27,0.201667
12,1995-03-28,0.202000
12,1995-03-29,0.202000
12,1995-03-30,0.201667
12,1995-03-31,0.245333
12,1995-04-03,0.246000
12,1995-04-04,0.246000
12,1995-04-05,0.246000
12,1995-04-06,0.246000
12,1995-04-07,0.246000
12,1995-04-10,0.246667
12,1995-04-11,0.248667
12,1995-04-12,0.249000
12,1995-04-17,0.248667
12,1995-04-18,0.247667
12,1995-04-19,0.247000
12,1995-04-20,0.246333
12,1995-04-24,0.246333
12,1995-04-25,0.246000
12,1995-04-26,0.246000
12,1995-04-27,0.246000
12,1995-04-28,0.190000
12,1995-05-02,0.190333
12,1995-05-03,0.192333
12,1995-05-04,0.192000
12,1995-05-05,0.191000
12,1995-05-08,0.191000
12,1995-05-09,0.191667
12,1995-05-10,0.191667
12,1995-05-11,0.191333
12,1995-05-12,0.191000
12,1995-05-15,0.190667
12,1995-05-16,0.190000
12,1995-05-17,0.189667
12,1995-05-18,0.189333
12,1995-05-19,0.189333
12,1995-05-22,0.189333
12,1995-05-23,0.189333
12,1995-05-24,0.190000
12,1995-05-25,0.189333
12,1995-05-26,0.189333
12,1995-05-29,0.189000
12,1995-05-30,0.189000
12,1995-05-31,0.189000
12,1995-06-01,0.189000
12,1995-06-02,0.189000
12,1995-06-05,0.189000
12,1995-06-06,0.189000
12,1995-06-07,0.189667
12,1995-06-08,0.189333
12,1995-06-09,0.189333
12,1995-06-12,0.189333
12,1995-06-13,0.189333
12,1995-06-14,0.189333
12,1995-06-16,0.189333
12,1995-06-19,0.189333
12,1995-06-20,0.189000
12,1995-06-21,0.189000
12,1995-06-22,0.189000
12,1995-06-23,0.189333
12,1995-06-26,0.189333
12,1995-06-27,0.189333
12,1995-06-28,0.189333
12,1995-06-29,0.189333
12,1995-06-30,0.189000
12,1995-07-03,0.189000
12,1995-07-04,0.189000
12,1995-07-05,0.189000
12,1995-07-06,0.189000
12,1995-07-07,0.189000
12,1995-07-10,0.189000
12,1995-07-11,0.189000
12,1995-07-12,0.188667
12,1995-07-13,0.188667
12,1995-07-14,0.188333
12,1995-07-17,0.188333
12,1995-07-18,0.188000
12,1995-07-19,0.188000
12,1995-07-20,0.188000
12,1995-07-21,0.188000
12,1995-07-24,0.188000
12,1995-07-25,0.187667
12,1995-07-26,0.187667
12,1995-07-27,0.187667
12,1995-07-28,0.187667
12,1995-07-31,0.166667
12,1995-08-01,0.166667
12,1995-08-02,0.166667
12,1995-08-03,0.166667
12,1995-08-04,0.163333
12,1995-08-07,0.163333
12,1995-08-08,0.163333
12,1995-08-09,0.163000
12,1995-08-10,0.163000
12,1995-08-11,0.163000
12,1995-08-14,0.162333
12,1995-08-15,0.161667
12,1995-08-16,0.161667
12,1995-08-17,0.161667
12,1995-08-18,0.161333
12,1995-08-21,0.161333
12,1995-08-22,0.161333
12,1995-08-23,0.161333
12,1995-08-24,0.161333
12,1995-08-25,0.161333
12,1995-08-28,0.161000
12,1995-08-29,0.161000
12,1995-08-30,0.161000
12,1995-08-31,0.161667
12,1995-09-01,0.161667
12,1995-09-04,0.161667
12,1995-09-05,0.161333
12,1995-09-06,0.161333
12,1995-09-08,0.161333
12,1995-09-11,0.161333
12,1995-09-12,0.161333
12,1995-09-13,0.161333
12,1995-09-14,0.161000
12,1995-09-15,0.161000
12,1995-09-18,0.161000
12,1995-09-19,0.161000
12,1995-09-20,0.161000
12,1995-09-21,0.161000
12,1995-09-22,0.161000
12,1995-09-25,0.161000
12,1995-09-26,0.161000
12,1995-09-27,0.161000
12,1995-09-28,0.158333
12,1995-09-29,0.144000
12,1995-10-02,0.144000
12,1995-10-03,0.144333
12,1995-10-04,0.144333
12,1995-10-05,0.143667
12,1995-10-06,0.142333
12,1995-10-09,0.141667
12,1995-10-10,0.142333
12,1995-10-11,0.142333
12,1995-10-13,0.142333
12,1995-10-16,0.142333
12,1995-10-17,0.143333
12,1995-10-18,0.145333
12,1995-10-19,0.145333
12,1995-10-20,0.145667
12,1995-10-23,0.145667
12,1995-10-24,0.144667
12,1995-10-25,0.144333
12,1995-10-26,0.144000
12,1995-10-27,0.142667
12,1995-10-30,0.142000
12,1995-10-31,0.140333
12,1995-11-01,0.137333
12,1995-11-03,0.137667
12,1995-11-06,0.139000
12,1995-11-07,0.140000
12,1995-11-08,0.142333
12,1995-11-09,0.142000
12,1995-11-10,0.143333
12,1995-11-13,0.144000
12,1995-11-14,0.144000
12,1995-11-16,0.144000
12,1995-11-17,0.144000
12,1995-11-20,0.143333
12,1995-11-21,0.138333
12,1995-11-22,0.138667
12,1995-11-23,0.138000
12,1995-11-24,0.138000
12,1995-11-27,0.138333
12,1995-11-28,0.138333
12,1995-11-29,0.138000
12,1995-11-30,0.132000
12,1995-12-01,0.132667
12,1995-12-04,0.133000
12,1995-12-05,0.132667
12,1995-12-06,0.133000
12,1995-12-07,0.133333
12,1995-12-08,0.133333
12,1995-12-11,0.134333
12,1995-12-12,0.134667
12,1995-12-13,0.134667
12,1995-12-14,0.139000
12,1995-12-15,0.139333
12,1995-12-18,0.139000
12,1995-12-19,0.139000
12,1995-12-20,0.139000
12,1995-12-21,0.138667
12,1995-12-22,0.138333
12,1995-12-26,0.135333
12,1995-12-27,0.133333
12,1995-12-28,0.124333
12,1995-12-29,0.124333
12,1996-01-02,0.117667
12,1996-01-03,0.117333
12,1996-01-04,0.112333
12,1996-01-05,0.112333
12,1996-01-08,0.112333
12,1996-01-09,0.112667
12,1996-01-10,0.113333
12,1996-01-11,0.113333
12,1996-01-12,0.113333
12,1996-01-15,0.113333
12,1996-01-16,0.114000
12,1996-01-17,0.113667
12,1996-01-18,0.113333
12,1996-01-19,0.118333
12,1996-01-22,0.117000
12,1996-01-23,0.116000
12,1996-01-24,0.117667
12,1996-01-25,0.115333
12,1996-01-26,0.114667
12,1996-01-29,0.113667
12,1996-01-30,0.116000
12,1996-01-31,0.121667
12,1996-02-01,0.119333
12,1996-02-02,0.119667
12,1996-02-05,0.119667
12,1996-02-06,0.119667
12,1996-02-07,0.119667
12,1996-02-08,0.119667
12,1996-02-09,0.119667
12,1996-02-12,0.120000
12,1996-02-13,0.120667
12,1996-02-14,0.123000
12,1996-02-15,0.123333
12,1996-02-16,0.124000
12,1996-02-21,0.124333
12,1996-02-22,0.124333
12,1996-02-23,0.124000
12,1996-02-26,0.120333
12,1996-02-27,0.119000
12,1996-02-28,0.118333
12,1996-02-29,0.103333
12,1996-03-01,0.105667
12,1996-03-04,0.105000
12,1996-03-05,0.103667
12,1996-03-06,0.104000
12,1996-03-07,0.103667
12,1996-03-08,0.103333
12,1996-03-11,0.104333
12,1996-03-12,0.104000
12,1996-03-13,0.103333
12,1996-03-14,0.103333
12,1996-03-15,0.103333
12,1996-03-18,0.103333
12,1996-03-19,0.103333
12,1996-03-20,0.103333
12,1996-03-21,0.103333
12,1996-03-22,0.103333
12,1996-03-25,0.103000
12,1996-03-26,0.103000
12,1996-03-27,0.103000
12,1996-03-28,0.103000
12,1996-03-29,0.103000
12,1996-04-01,0.099667
12,1996-04-02,0.099667
12,1996-04-03,0.099667
12,1996-04-08,0.100000
12,1996-04-09,0.100000
12,1996-04-10,0.104333
12,1996-04-11,0.104333
12,1996-04-12,0.104667
12,1996-04-15,0.105333
12,1996-04-16,0.105667
12,1996-04-17,0.105667
12,1996-04-18,0.105667
12,1996-04-19,0.104667
12,1996-04-22,0.104000
12,1996-04-23,0.100333
12,1996-04-24,0.100000
12,1996-04-25,0.099333
12,1996-04-26,0.093333
12,1996-04-29,0.090333
12,1996-04-30,0.088000
12,1996-05-02,0.089000
12,1996-05-03,0.088000
12,1996-05-06,0.088000
12,1996-05-07,0.088000
12,1996-05-08,0.088000
12,1996-05-09,0.088000
12,1996-05-10,0.088000
12,1996-05-13,0.088000
12,1996-05-14,0.088333
12,1996-05-15,0.088333
12,1996-05-16,0.088333
12,1996-05-17,0.088333
12,1996-05-20,0.088333
12,1996-05-21,0.088333
12,1996-05-22,0.088333
12,1996-05-23,0.088333
12,1996-05-24,0.088667
12,1996-05-27,0.093000
12,1996-05-28,0.095000
12,1996-05-29,0.097000
12,1996-05-30,0.099333
12,1996-05-31,0.101000
12,1996-06-03,0.101667
12,1996-06-04,0.102333
12,1996-06-05,0.102333
12,1996-06-07,0.106000
12,1996-06-10,0.107333
12,1996-06-11,0.107333
12,1996-06-12,0.107333
12,1996-06-13,0.107333
12,1996-06-14,0.107333
12,1996-06-17,0.107333
12,1996-06-18,0.105667
12,1996-06-19,0.106667
12,1996-06-20,0.103667
12,1996-06-21,0.101000
12,1996-06-24,0.098667
12,1996-06-25,0.092000
12,1996-06-26,0.090000
12,1996-06-27,0.086000
12,1996-06-28,0.083000
12,1996-07-01,0.083000
12,1996-07-02,0.083000
12,1996-07-03,0.082667
12,1996-07-04,0.082333
12,1996-07-05,0.082667
12,1996-07-08,0.082333
12,1996-07-09,0.082333
12,1996-07-10,0.082000
12,1996-07-11,0.082667
12,1996-07-12,0.082667
12,1996-07-15,0.082333
12,1996-07-16,0.082333
12,1996-07-17,0.082333
12,1996-07-18,0.082000
12,1996-07-19,0.082000
12,1996-07-22,0.082000
12,1996-07-23,0.082000
12,1996-07-24,0.082000
12,1996-07-25,0.082000
12,1996-07-26,0.082000
12,1996-07-29,0.082000
12,1996-07-30,0.082000
12,1996-07-31,0.085333
12,1996-08-01,0.086000
12,1996-08-02,0.087333
12,1996-08-05,0.090000
12,1996-08-06,0.089000
12,1996-08-07,0.089333
12,1996-08-08,0.089333
12,1996-08-09,0.089333
12,1996-08-12,0.089333
12,1996-08-13,0.089333
12,1996-08-14,0.089333
12,1996-08-15,0.089333
12,1996-08-16,0.089333
12,1996-08-19,0.089333
12,1996-08-20,0.088667
12,1996-08-21,0.087333
12,1996-08-22,0.086333
12,1996-08-23,0.086000
12,1996-08-26,0.085667
12,1996-08-27,0.086000
12,1996-08-28,0.085667
12,1996-08-29,0.085667
12,1996-08-30,0.087333
12,1996-09-02,0.087333
12,1996-09-03,0.088667
12,1996-09-04,0.088333
12,1996-09-05,0.088333
12,1996-09-06,0.088667
12,1996-09-09,0.088667
12,1996-09-10,0.089000
12,1996-09-11,0.089667
12,1996-09-12,0.092333
12,1996-09-13,0.092333
12,1996-09-16,0.091333
12,1996-09-17,0.090333
12,1996-09-18,0.091000
12,1996-09-19,0.091333
12,1996-09-20,0.090000
12,1996-09-23,0.088333
12,1996-09-24,0.087667
12,1996-09-25,0.087000
12,1996-09-26,0.087000
12,1996-09-27,0.086667
12,1996-09-30,0.083667
12,1996-10-01,0.082333
12,1996-10-02,0.082333
12,1996-10-04,0.082667
12,1996-10-07,0.082333
12,1996-10-08,0.082667
12,1996-10-09,0.081667
12,1996-10-10,0.082333
12,1996-10-11,0.083667
12,1996-10-14,0.083667
12,1996-10-15,0.085667
12,1996-10-16,0.084333
12,1996-10-17,0.085333
12,1996-10-18,0.084000
12,1996-10-21,0.083000
12,1996-10-22,0.084000
12,1996-10-23,0.082667
12,1996-10-24,0.083333
12,1996-10-25,0.083667
12,1996-10-28,0.083667
12,1996-10-29,0.084333
12,1996-10-30,0.084667
12,1996-10-31,0.088333
12,1996-11-01,0.089000
12,1996-11-04,0.089333
12,1996-11-05,0.091000
12,1996-11-06,0.089667
12,1996-11-07,0.090667
12,1996-11-08,0.090000
12,1996-11-11,0.090333
12,1996-11-12,0.090000
12,1996-11-13,0.089000
12,1996-11-14,0.089333
12,1996-11-18,0.089000
12,1996-11-19,0.089000
12,1996-11-20,0.089000
12,1996-11-21,0.088667
12,1996-11-22,0.088667
12,1996-11-25,0.088667
12,1996-11-26,0.088667
12,1996-11-27,0.087667
12,1996-11-28,0.088000
12,1996-11-29,0.083667
12,1996-12-02,0.084000
12,1996-12-03,0.083000
12,1996-12-04,0.083000
12,1996-12-05,0.084333
12,1996-12-06,0.083333
12,1996-12-09,0.083667
12,1996-12-10,0.084000
12,1996-12-11,0.084000
12,1996-12-12,0.084333
12,1996-12-13,0.084667
12,1996-12-16,0.084667
12,1996-12-17,0.085000
12,1996-12-18,0.087000
12,1996-12-19,0.085333
12,1996-12-20,0.085667
12,1996-12-23,0.086000
12,1996-12-24,0.086000
12,1996-12-26,0.085667
12,1996-12-27,0.085333
12,1996-12-30,0.083333
12,1996-12-31,0.083333
12,1997-01-02,0.077333
12,1997-01-03,0.077000
12,1997-01-06,0.077000
12,1997-01-07,0.077000
12,1997-01-08,0.077000
12,1997-01-09,0.077000
12,1997-01-10,0.077667
12,1997-01-13,0.077667
12,1997-01-14,0.077667
12,1997-01-15,0.077667
12,1997-01-16,0.077667
12,1997-01-17,0.078000
12,1997-01-20,0.078000
12,1997-01-21,0.077667
12,1997-01-22,0.077667
12,1997-01-23,0.078000
12,1997-01-24,0.078333
12,1997-01-27,0.078000
12,1997-01-28,0.079333
12,1997-01-29,0.078000
12,1997-01-30,0.081000
12,1997-01-31,0.091667
12,1997-02-03,0.091667
12,1997-02-04,0.092333
12,1997-02-05,0.092000
12,1997-02-06,0.092333
12,1997-02-07,0.092333
12,1997-02-12,0.092333
12,1997-02-13,0.093000
12,1997-02-14,0.093000
12,1997-02-17,0.092333
12,1997-02-18,0.092333
12,1997-02-19,0.092000
12,1997-02-20,0.091667
12,1997-02-21,0.091667
12,1997-02-24,0.091333
12,1997-02-25,0.091000
12,1997-02-26,0.090667
12,1997-02-27,0.090333
12,1997-02-28,0.085333
12,1997-03-03,0.085667
12,1997-03-04,0.085000
12,1997-03-05,0.085000
12,1997-03-06,0.085333
12,1997-03-07,0.085667
12,1997-03-10,0.085333
12,1997-03-11,0.085667
12,1997-03-12,0.085333
12,1997-03-13,0.085667
12,1997-03-14,0.085667
12,1997-03-17,0.085667
12,1997-03-18,0.085667
12,1997-03-19,0.085333
12,1997-03-20,0.085333
12,1997-03-21,0.085333
12,1997-03-24,0.085333
12,1997-03-25,0.085333
12,1997-03-26,0.085333
12,1997-03-31,0.075667
12,1997-04-01,0.075667
12,1997-04-02,0.075667
12,1997-04-03,0.075667
12,1997-04-04,0.076333
12,1997-04-07,0.077333
12,1997-04-08,0.080333
12,1997-04-09,0.078667
12,1997-04-10,0.081667
12,1997-04-11,0.082333
12,1997-04-14,0.082000
12,1997-04-15,0.079333
12,1997-04-16,0.080667
12,1997-04-17,0.082333
12,1997-04-18,0.078667
12,1997-04-22,0.077000
12,1997-04-23,0.076000
12,1997-04-24,0.075667
12,1997-04-25,0.076000
12,1997-04-28,0.076333
12,1997-04-29,0.076333
12,1997-04-30,0.079333
12,1997-05-02,0.078667
12,1997-05-05,0.078333
12,1997-05-06,0.078667
12,1997-05-07,0.078667
12,1997-05-08,0.078667
12,1997-05-09,0.079333
12,1997-05-12,0.079000
12,1997-05-13,0.079000
12,1997-05-14,0.079000
12,1997-05-15,0.079000
12,1997-05-16,0.079000
12,1997-05-19,0.079000
12,1997-05-20,0.079000
12,1997-05-21,0.079000
12,1997-05-22,0.079000
12,1997-05-23,0.078667
12,1997-05-26,0.078333
12,1997-05-27,0.076667
12,1997-05-28,0.075000
12,1997-05-30,0.074667
12,1997-06-02,0.074667
12,1997-06-03,0.075000
12,1997-06-04,0.075000
12,1997-06-05,0.075333
12,1997-06-06,0.076333
12,1997-06-09,0.076000
12,1997-06-10,0.076000
12,1997-06-11,0.076000
12,1997-06-12,0.076333
12,1997-06-13,0.076000
12,1997-06-16,0.076333
12,1997-06-17,0.076333
12,1997-06-18,0.076000
12,1997-06-19,0.076000
12,1997-06-20,0.075667
12,1997-06-23,0.075667
12,1997-06-24,0.075667
12,1997-06-25,0.074667
12,1997-06-26,0.074333
12,1997-06-27,0.074000
12,1997-06-30,0.068667
12,1997-07-01,0.068667
12,1997-07-02,0.068667
12,1997-07-03,0.068667
12,1997-07-04,0.069000
12,1997-07-07,0.069333
12,1997-07-08,0.069667
12,1997-07-09,0.069333
12,1997-07-10,0.069333
12,1997-07-11,0.069667
12,1997-07-14,0.069667
12,1997-07-15,0.069333
12,1997-07-16,0.069333
12,1997-07-17,0.069333
12,1997-07-18,0.069000
12,1997-07-21,0.069000
12,1997-07-22,0.068667
12,1997-07-23,0.068667
12,1997-07-24,0.068667
12,1997-07-25,0.068667
12,1997-07-28,0.068667
12,1997-07-29,0.068667
12,1997-07-30,0.068667
12,1997-07-31,0.075000
12,1997-08-01,0.074667
12,1997-08-04,0.074333
12,1997-08-05,0.074333
12,1997-08-06,0.074000
12,1997-08-07,0.074333
12,1997-08-08,0.074667
12,1997-08-11,0.075000
12,1997-08-12,0.075667
12,1997-08-13,0.075667
12,1997-08-14,0.075333
12,1997-08-15,0.075333
12,1997-08-18,0.075000
12,1997-08-19,0.075000
12,1997-08-20,0.075000
12,1997-08-21,0.075000
12,1997-08-22,0.075000
12,1997-08-25,0.074667
12,1997-08-26,0.074667
12,1997-08-27,0.074667
12,1997-08-28,0.074667
12,1997-08-29,0.072000
12,1997-09-01,0.072000
12,1997-09-02,0.071667
12,1997-09-03,0.071667
12,1997-09-04,0.071667
12,1997-09-05,0.071667
12,1997-09-08,0.071667
12,1997-09-09,0.071667
12,1997-09-10,0.071667
12,1997-09-11,0.071667
12,1997-09-12,0.072000
12,1997-09-15,0.072000
12,1997-09-16,0.071667
12,1997-09-17,0.071667
12,1997-09-18,0.071667
12,1997-09-19,0.071667
12,1997-09-22,0.071667
12,1997-09-23,0.071667
12,1997-09-24,0.071000
12,1997-09-25,0.070667
12,1997-09-26,0.070333
12,1997-09-29,0.069000
12,1997-09-30,0.069000
12,1997-10-01,0.068667
12,1997-10-02,0.068333
12,1997-10-03,0.068333
12,1997-10-06,0.068333
12,1997-10-07,0.068333
12,1997-10-08,0.068333
12,1997-10-09,0.068333
12,1997-10-10,0.068333
12,1997-10-13,0.068333
12,1997-10-14,0.068667
12,1997-10-15,0.069000
12,1997-10-16,0.069000
12,1997-10-17,0.069000
12,1997-10-20,0.068667
12,1997-10-21,0.068667
12,1997-10-22,0.068667
12,1997-10-23,0.068667
12,1997-10-24,0.068333
12,1997-10-27,0.068667
12,1997-10-28,0.069333
12,1997-10-29,0.070000
12,1997-10-30,0.072333
12,1997-10-31,0.154000
12,1997-11-03,0.146667
12,1997-11-04,0.146667
12,1997-11-05,0.146333
12,1997-11-06,0.147667
12,1997-11-07,0.148333
12,1997-11-10,0.148333
12,1997-11-11,0.148333
12,1997-11-12,0.148333
12,1997-11-13,0.148333
12,1997-11-14,0.148333
12,1997-11-17,0.148333
12,1997-11-18,0.148333
12,1997-11-19,0.148333
12,1997-11-20,0.148333
12,1997-11-21,0.148333
12,1997-11-24,0.148333
12,1997-11-25,0.148333
12,1997-11-26,0.148333
12,1997-11-27,0.149333
12,1997-11-28,0.130000
12,1997-12-01,0.128333
12,1997-12-02,0.128333
12,1997-12-03,0.128667
12,1997-12-04,0.129667
12,1997-12-05,0.129333
12,1997-12-08,0.129000
12,1997-12-09,0.129000
12,1997-12-10,0.129000
12,1997-12-11,0.129000
12,1997-12-12,0.129000
12,1997-12-15,0.129000
12,1997-12-16,0.129000
12,1997-12-17,0.130000
12,1997-12-18,0.133333
12,1997-12-19,0.133333
12,1997-12-22,0.135000
12,1997-12-23,0.133667
12,1997-12-24,0.133667
12,1997-12-26,0.133333
12,1997-12-29,0.133667
12,1997-12-30,0.131000
12,1997-12-31,0.131000
12,1998-01-02,0.128209
12,1998-01-05,0.128065
12,1998-01-06,0.128094
12,1998-01-07,0.128152
12,1998-01-08,0.128180
12,1998-01-09,0.128152
12,1998-01-12,0.128180
12,1998-01-13,0.128123
12,1998-01-14,0.126595
12,1998-01-15,0.126624
12,1998-01-16,0.126768
12,1998-01-19,0.126190
12,1998-01-20,0.125988
12,1998-01-21,0.125843
12,1998-01-22,0.125206
12,1998-01-23,0.123958
12,1998-01-26,0.123113
12,1998-01-27,0.122997
12,1998-01-28,0.121332
12,1998-01-29,0.116265
12,1998-01-30,0.116947
12,1998-02-02,0.116651
12,1998-02-03,0.116888
12,1998-02-04,0.116799
12,1998-02-05,0.116828
12,1998-02-06,0.116858
12,1998-02-09,0.116740
12,1998-02-10,0.116503
12,1998-02-11,0.116414
12,1998-02-12,0.116473
12,1998-02-13,0.116384
12,1998-02-16,0.116028
12,1998-02-17,0.116088
12,1998-02-18,0.115939
12,1998-02-19,0.115464
12,1998-02-20,0.114394
12,1998-02-25,0.114125
12,1998-02-26,0.113976
12,1998-02-27,0.114066
12,1998-03-02,0.113976
12,1998-03-03,0.112662
12,1998-03-04,0.100637
12,1998-03-05,0.096765
12,1998-03-06,0.096858
12,1998-03-09,0.096858
12,1998-03-10,0.096890
12,1998-03-11,0.096796
12,1998-03-12,0.096578
12,1998-03-13,0.096858
12,1998-03-16,0.096578
12,1998-03-17,0.096454
12,1998-03-18,0.096173
12,1998-03-19,0.096298
12,1998-03-20,0.096173
12,1998-03-23,0.096142
12,1998-03-24,0.095986
12,1998-03-25,0.095986
12,1998-03-26,0.096048
12,1998-03-27,0.095955
12,1998-03-30,0.095674
12,1998-03-31,0.095580
12,1998-04-01,0.095737
12,1998-04-02,0.095643
12,1998-04-03,0.095893
12,1998-04-06,0.096952
12,1998-04-07,0.097853
12,1998-04-08,0.097543
12,1998-04-13,0.097418
12,1998-04-14,0.095955
12,1998-04-15,0.081245
12,1998-04-16,0.083311
12,1998-04-17,0.083053
12,1998-04-20,0.082924
12,1998-04-22,0.082827
12,1998-04-23,0.082795
12,1998-04-24,0.082731
12,1998-04-27,0.082666
12,1998-04-28,0.082731
12,1998-04-29,0.082473
12,1998-04-30,0.081633
12,1998-05-04,0.082279
12,1998-05-05,0.083407
12,1998-05-06,0.082795
12,1998-05-07,0.082699
12,1998-05-08,0.083053
12,1998-05-11,0.082924
12,1998-05-12,0.083053
12,1998-05-13,0.082731
12,1998-05-14,0.082956
12,1998-05-15,0.082537
12,1998-05-18,0.082182
12,1998-05-19,0.082247
12,1998-05-20,0.079363
12,1998-05-21,0.077603
12,1998-05-22,0.077571
12,1998-05-25,0.077603
12,1998-05-26,0.077538
12,1998-05-27,0.077701
12,1998-05-28,0.077669
12,1998-05-29,0.077309
12,1998-06-01,0.076098
12,1998-06-02,0.076000
12,1998-06-03,0.076098
12,1998-06-04,0.075901
12,1998-06-05,0.075901
12,1998-06-08,0.075934
12,1998-06-09,0.075803
12,1998-06-10,0.075836
12,1998-06-12,0.075868
12,1998-06-15,0.075901
12,1998-06-16,0.075901
12,1998-06-17,0.076131
12,1998-06-18,0.075967
12,1998-06-19,0.076032
12,1998-06-22,0.075868
12,1998-06-23,0.075573
12,1998-06-24,0.073862
12,1998-06-25,0.074225
12,1998-06-26,0.074225
12,1998-06-29,0.073994
12,1998-06-30,0.073796
12,1998-07-01,0.073796
12,1998-07-02,0.073698
12,1998-07-03,0.073533
12,1998-07-06,0.073467
12,1998-07-07,0.073368
12,1998-07-08,0.073763
12,1998-07-09,0.073928
12,1998-07-10,0.073599
12,1998-07-13,0.073599
12,1998-07-14,0.073566
12,1998-07-15,0.073599
12,1998-07-16,0.073599
12,1998-07-17,0.073665
12,1998-07-20,0.073599
12,1998-07-21,0.073599
12,1998-07-22,0.073202
12,1998-07-23,0.072938
12,1998-07-24,0.072608
12,1998-07-27,0.072475
12,1998-07-28,0.071979
12,1998-07-29,0.071216
12,1998-07-30,0.070751
12,1998-07-31,0.070851
12,1998-08-03,0.070651
12,1998-08-04,0.070552
12,1998-08-05,0.070385
12,1998-08-06,0.070186
12,1998-08-07,0.070086
12,1998-08-10,0.069986
12,1998-08-11,0.069786
12,1998-08-12,0.069620
12,1998-08-13,0.069586
12,1998-08-14,0.069520
12,1998-08-17,0.069586
12,1998-08-18,0.069586
12,1998-08-19,0.069420
12,1998-08-20,0.069353
12,1998-08-21,0.069286
12,1998-08-24,0.069320
12,1998-08-25,0.069186
12,1998-08-26,0.069186
12,1998-08-27,0.069120
12,1998-08-28,0.068919
12,1998-08-31,0.069020
12,1998-09-01,0.069153
12,1998-09-02,0.069220
12,1998-09-03,0.069386
12,1998-09-04,0.069953
12,1998-09-08,0.103586
12,1998-09-09,0.105692
12,1998-09-10,0.107241
12,1998-09-11,0.139442
12,1998-09-14,0.135705
12,1998-09-15,0.132615
12,1998-09-16,0.131047
12,1998-09-17,0.131533
12,1998-09-18,0.131704
12,1998-09-21,0.133269
12,1998-09-22,0.133269
12,1998-09-23,0.133241
12,1998-09-24,0.131789
12,1998-09-25,0.133553
12,1998-09-28,0.133809
12,1998-09-29,0.133979
12,1998-09-30,0.134319
12,1998-10-01,0.134828
12,1998-10-02,0.135027
12,1998-10-05,0.135479
12,1998-10-06,0.135676
12,1998-10-07,0.135592
12,1998-10-08,0.136100
12,1998-10-09,0.136438
12,1998-10-13,0.136776
12,1998-10-14,0.137226
12,1998-10-15,0.137508
12,1998-10-16,0.137592
12,1998-10-19,0.137760
12,1998-10-20,0.137985
12,1998-10-21,0.138378
12,1998-10-22,0.138434
12,1998-10-23,0.138630
12,1998-10-26,0.138882
12,1998-10-27,0.138966
12,1998-10-28,0.139078
12,1998-10-29,0.139414
12,1998-10-30,0.139582
12,1998-11-03,0.139834
12,1998-11-04,0.139162
12,1998-11-05,0.138742
12,1998-11-06,0.138770
12,1998-11-09,0.138574
12,1998-11-10,0.138378
12,1998-11-11,0.124016
12,1998-11-12,0.129157
12,1998-11-13,0.128209
12,1998-11-16,0.127288
12,1998-11-17,0.125554
12,1998-11-18,0.124277
12,1998-11-19,0.122530
12,1998-11-20,0.121478
12,1998-11-23,0.120042
12,1998-11-24,0.118836
12,1998-11-25,0.117656
12,1998-11-26,0.117922
12,1998-11-27,0.117331
12,1998-11-30,0.116828
12,1998-12-01,0.115969
12,1998-12-02,0.115108
12,1998-12-03,0.114572
12,1998-12-04,0.114155
12,1998-12-07,0.113529
12,1998-12-08,0.113171
12,1998-12-09,0.112333
12,1998-12-10,0.111764
12,1998-12-11,0.111224
12,1998-12-14,0.110743
12,1998-12-15,0.110142
12,1998-12-16,0.099402
12,1998-12-17,0.101746
12,1998-12-18,0.101192
12,1998-12-21,0.100514
12,1998-12-22,0.101038
12,1998-12-23,0.100699
12,1998-12-24,0.100699
12,1998-12-28,0.100545
12,1998-12-29,0.100514
12,1998-12-30,0.101192
12,1998-12-31,0.101192
12,1999-01-04,0.100761
12,1999-01-05,0.100730
12,1999-01-06,0.100730
12,1999-01-07,0.101192
12,1999-01-08,0.101223
12,1999-01-11,0.101869
12,1999-01-12,0.101500
12,1999-01-13,0.103188
12,1999-01-14,0.103188
12,1999-01-15,0.103555
12,1999-01-18,0.103157
12,1999-01-19,0.109750
12,1999-01-20,0.111224
12,1999-01-21,0.111524
12,1999-01-22,0.111134
12,1999-01-25,0.111074
12,1999-01-26,0.110954
12,1999-01-27,0.119366
12,1999-01-28,0.119866
12,1999-01-29,0.126075
12,1999-02-01,0.132388
12,1999-02-02,0.128870
12,1999-02-03,0.128641
12,1999-02-04,0.128641
12,1999-02-05,0.128727
12,1999-02-08,0.128842
12,1999-02-09,0.128870
12,1999-02-10,0.128957
12,1999-02-11,0.128928
12,1999-02-12,0.128985
12,1999-02-17,0.128957
12,1999-02-18,0.128985
12,1999-02-19,0.128957
12,1999-02-22,0.128957
12,1999-02-23,0.128957
12,1999-02-24,0.128928
12,1999-02-25,0.128899
12,1999-02-26,0.129071
12,1999-03-01,0.129129
12,1999-03-02,0.129043
12,1999-03-03,0.129071
12,1999-03-04,0.129387
12,1999-03-05,0.145549
12,1999-03-08,0.145604
12,1999-03-09,0.145273
12,1999-03-10,0.145301
12,1999-03-11,0.145714
12,1999-03-12,0.145631
12,1999-03-15,0.145549
12,1999-03-16,0.145466
12,1999-03-17,0.145604
12,1999-03-18,0.145742
12,1999-03-19,0.145521
12,1999-03-22,0.145494
12,1999-03-23,0.145439
12,1999-03-24,0.145494
12,1999-03-25,0.137367
12,1999-03-26,0.137311
12,1999-03-29,0.137311
12,1999-03-30,0.137198
12,1999-03-31,0.131504
12,1999-04-05,0.129846
12,1999-04-06,0.129416
12,1999-04-07,0.129330
12,1999-04-08,0.129444
12,1999-04-09,0.129502
12,1999-04-12,0.129674
12,1999-04-13,0.129588
12,1999-04-14,0.112483
12,1999-04-15,0.114304
12,1999-04-16,0.114304
12,1999-04-19,0.114423
12,1999-04-20,0.114036
12,1999-04-22,0.113380
12,1999-04-23,0.111554
12,1999-04-26,0.111464
12,1999-04-27,0.111164
12,1999-04-28,0.110473
12,1999-04-29,0.108543
12,1999-04-30,0.108452
12,1999-05-03,0.108301
12,1999-05-04,0.108422
12,1999-05-05,0.108362
12,1999-05-06,0.108059
12,1999-05-07,0.104778
12,1999-05-10,0.101130
12,1999-05-11,0.100946
12,1999-05-12,0.100884
12,1999-05-13,0.093546
12,1999-05-14,0.093075
12,1999-05-17,0.091690
12,1999-05-18,0.090522
12,1999-05-19,0.081504
12,1999-05-20,0.081859
12,1999-05-21,0.081795
12,1999-05-24,0.081698
12,1999-05-25,0.081795
12,1999-05-26,0.081730
12,1999-05-27,0.080824
12,1999-05-28,0.080402
12,1999-05-31,0.080175
12,1999-06-01,0.080208
12,1999-06-02,0.080565
12,1999-06-04,0.080694
12,1999-06-07,0.080662
12,1999-06-08,0.080824
12,1999-06-09,0.077636
12,1999-06-10,0.077734
12,1999-06-11,0.077767
12,1999-06-14,0.077767
12,1999-06-15,0.077930
12,1999-06-16,0.077701
12,1999-06-17,0.077407
12,1999-06-18,0.077277
12,1999-06-21,0.077342
12,1999-06-22,0.077244
12,1999-06-23,0.071912
12,1999-06-24,0.074357
12,1999-06-25,0.074488
12,1999-06-28,0.074324
12,1999-06-29,0.074291
12,1999-06-30,0.074060
12,1999-07-01,0.073763
12,1999-07-02,0.073763
12,1999-07-05,0.073500
12,1999-07-06,0.073533
12,1999-07-07,0.073401
12,1999-07-08,0.073037
12,1999-07-09,0.072971
12,1999-07-12,0.073202
12,1999-07-13,0.073599
12,1999-07-14,0.073599
12,1999-07-15,0.073599
12,1999-07-16,0.073599
12,1999-07-19,0.073665
12,1999-07-20,0.073796
12,1999-07-21,0.073665
12,1999-07-22,0.073862
12,1999-07-23,0.073632
12,1999-07-26,0.073731
12,1999-07-27,0.073731
12,1999-07-28,0.072608
12,1999-07-29,0.069920
12,1999-07-30,0.069986
12,1999-08-02,0.069953
12,1999-08-03,0.069886
12,1999-08-04,0.069853
12,1999-08-05,0.069853
12,1999-08-06,0.069786
12,1999-08-09,0.069753
12,1999-08-10,0.069820
12,1999-08-11,0.069853
12,1999-08-12,0.069820
12,1999-08-13,0.069853
12,1999-08-16,0.069820
12,1999-08-17,0.069753
12,1999-08-18,0.069753
12,1999-08-19,0.069786
12,1999-08-20,0.069686
12,1999-08-23,0.069653
12,1999-08-24,0.069653
12,1999-08-25,0.069586
12,1999-08-26,0.069820
12,1999-08-27,0.069653
12,1999-08-30,0.069753
12,1999-08-31,0.069753
12,1999-09-01,0.068953
12,1999-09-02,0.069820
12,1999-09-03,0.069753
12,1999-09-06,0.069553
12,1999-09-08,0.069686
12,1999-09-09,0.069686
12,1999-09-10,0.070252
12,1999-09-13,0.070319
12,1999-09-14,0.069920
12,1999-09-15,0.069586
12,1999-09-16,0.069686
12,1999-09-17,0.069753
12,1999-09-20,0.069820
12,1999-09-21,0.069953
12,1999-09-22,0.068786
12,1999-09-23,0.068719
12,1999-09-24,0.068719
12,1999-09-27,0.068719
12,1999-09-28,0.068686
12,1999-09-29,0.068652
12,1999-09-30,0.068585
12,1999-10-01,0.068719
12,1999-10-04,0.068619
12,1999-10-05,0.068585
12,1999-10-06,0.068084
12,1999-10-07,0.068485
12,1999-10-08,0.068452
12,1999-10-11,0.068285
12,1999-10-13,0.068318
12,1999-10-14,0.068318
12,1999-10-15,0.068285
12,1999-10-18,0.068285
12,1999-10-19,0.068318
12,1999-10-20,0.068285
12,1999-10-21,0.068218
12,1999-10-22,0.068151
12,1999-10-25,0.068017
12,1999-10-26,0.068051
12,1999-10-27,0.068017
12,1999-10-28,0.068017
12,1999-10-29,0.068051
12,1999-11-01,0.068084
12,1999-11-03,0.068051
12,1999-11-04,0.068051
12,1999-11-05,0.068017
12,1999-11-08,0.068017
12,1999-11-09,0.067984
12,1999-11-10,0.067247
12,1999-11-11,0.068184
12,1999-11-12,0.068251
12,1999-11-16,0.068285
12,1999-11-17,0.068285
12,1999-11-18,0.068352
12,1999-11-19,0.068385
12,1999-11-22,0.068352
12,1999-11-23,0.068318
12,1999-11-24,0.068318
12,1999-11-25,0.068318
12,1999-11-26,0.068385
12,1999-11-29,0.068318
12,1999-11-30,0.068418
12,1999-12-01,0.068418
12,1999-12-02,0.068385
12,1999-12-03,0.068418
12,1999-12-06,0.068452
12,1999-12-07,0.068318
12,1999-12-08,0.068218
12,1999-12-09,0.068218
12,1999-12-10,0.068184
12,1999-12-13,0.068184
12,1999-12-14,0.068184
12,1999-12-15,0.068184
12,1999-12-16,0.068251
12,1999-12-17,0.068218
12,1999-12-20,0.068285
12,1999-12-21,0.068318
12,1999-12-22,0.068285
12,1999-12-23,0.068318
12,1999-12-24,0.068318
12,1999-12-27,0.068184
12,1999-12-28,0.068184
12,1999-12-29,0.068151
12,1999-12-30,0.068485
12,1999-12-31,0.068485
12,2000-01-03,0.068318
12,2000-01-04,0.068218
12,2000-01-05,0.068184
12,2000-01-06,0.068218
12,2000-01-07,0.068218
12,2000-01-10,0.068218
12,2000-01-11,0.068285
12,2000-01-12,0.068184
12,2000-01-13,0.068184
12,2000-01-14,0.068251
12,2000-01-17,0.068184
12,2000-01-18,0.068151
12,2000-01-19,0.067984
12,2000-01-20,0.067950
12,2000-01-21,0.068251
12,2000-01-24,0.068251
12,2000-01-25,0.068285
12,2000-01-26,0.068117
12,2000-01-27,0.068017
12,2000-01-28,0.068017
12,2000-01-31,0.067984
12,2000-02-01,0.068084
12,2000-02-02,0.068051
12,2000-02-03,0.068051
12,2000-02-04,0.068117
12,2000-02-07,0.068017
12,2000-02-08,0.068117
12,2000-02-09,0.068017
12,2000-02-10,0.068084
12,2000-02-11,0.068051
12,2000-02-14,0.068051
12,2000-02-15,0.068084
12,2000-02-16,0.068151
12,2000-02-17,0.068051
12,2000-02-18,0.068184
12,2000-02-21,0.068318
12,2000-02-22,0.068251
12,2000-02-23,0.068251
12,2000-02-24,0.068218
12,2000-02-25,0.068184
12,2000-02-28,0.068151
12,2000-02-29,0.068251
12,2000-03-01,0.068218
12,2000-03-02,0.068251
12,2000-03-03,0.068218
12,2000-03-08,0.068218
12,2000-03-09,0.068251
12,2000-03-10,0.068251
12,2000-03-13,0.068251
12,2000-03-14,0.068318
12,2000-03-15,0.068318
12,2000-03-16,0.068318
12,2000-03-17,0.068251
12,2000-03-20,0.068251
12,2000-03-21,0.068285
12,2000-03-22,0.067682
12,2000-03-23,0.068084
12,2000-03-24,0.068352
12,2000-03-27,0.068318
12,2000-03-28,0.068251
12,2000-03-29,0.067079
12,2000-03-30,0.066979
12,2000-03-31,0.066945
12,2000-04-03,0.066878
12,2000-04-04,0.066912
12,2000-04-05,0.067046
12,2000-04-06,0.067079
12,2000-04-07,0.067046
12,2000-04-10,0.067012
12,2000-04-11,0.067046
12,2000-04-12,0.067079
12,2000-04-13,0.067180
12,2000-04-14,0.067314
12,2000-04-17,0.067314
12,2000-04-18,0.067314
12,2000-04-19,0.067146
12,2000-04-20,0.067280
12,2000-04-24,0.067280
12,2000-04-25,0.067280
12,2000-04-26,0.067280
12,2000-04-27,0.067280
12,2000-04-28,0.067280
12,2000-05-02,0.067347
12,2000-05-03,0.067347
12,2000-05-04,0.067414
12,2000-05-05,0.067414
12,2000-05-08,0.067314
12,2000-05-09,0.067180
12,2000-05-10,0.067180
12,2000-05-11,0.067180
12,2000-05-12,0.067113
12,2000-05-15,0.067113
12,2000-05-16,0.067113
12,2000-05-17,0.067079
12,2000-05-18,0.067079
12,2000-05-19,0.067079
12,2000-05-22,0.067079
12,2000-05-23,0.067079
12,2000-05-24,0.067113
12,2000-05-25,0.067113
12,2000-05-26,0.067146
12,2000-05-29,0.067113
12,2000-05-30,0.067046
12,2000-05-31,0.067012
12,2000-06-01,0.066979
12,2000-06-02,0.066945
12,2000-06-05,0.066878
12,2000-06-06,0.066777
12,2000-06-07,0.066643
12,2000-06-08,0.066576
12,2000-06-09,0.066576
12,2000-06-12,0.066542
12,2000-06-13,0.066509
12,2000-06-14,0.066475
12,2000-06-15,0.066509
12,2000-06-16,0.066542
12,2000-06-19,0.066509
12,2000-06-20,0.066206
12,2000-06-21,0.063779
12,2000-06-23,0.063678
12,2000-06-26,0.063509
12,2000-06-27,0.063407
12,2000-06-28,0.062967
12,2000-06-29,0.063102
12,2000-06-30,0.063035
12,2000-07-03,0.062899
12,2000-07-04,0.062933
12,2000-07-05,0.063001
12,2000-07-06,0.063068
12,2000-07-07,0.062967
12,2000-07-10,0.062119
12,2000-07-11,0.061983
12,2000-07-12,0.061949
12,2000-07-13,0.061915
12,2000-07-14,0.061949
12,2000-07-17,0.061949
12,2000-07-18,0.061915
12,2000-07-19,0.061745
12,2000-07-20,0.060588
12,2000-07-21,0.060520
12,2000-07-24,0.060452
12,2000-07-25,0.060383
12,2000-07-26,0.060349
12,2000-07-27,0.060315
12,2000-07-28,0.060281
12,2000-07-31,0.060213
12,2000-08-01,0.060179
12,2000-08-02,0.060179
12,2000-08-03,0.060179
12,2000-08-04,0.060179
12,2000-08-07,0.060213
12,2000-08-08,0.060247
12,2000-08-09,0.060213
12,2000-08-10,0.060281
12,2000-08-11,0.060383
12,2000-08-14,0.060452
12,2000-08-15,0.060315
12,2000-08-16,0.060247
12,2000-08-17,0.060315
12,2000-08-18,0.060349
12,2000-08-21,0.060554
12,2000-08-22,0.060315
12,2000-08-23,0.059427
12,2000-08-24,0.060213
12,2000-08-25,0.060315
12,2000-08-28,0.060349
12,2000-08-29,0.060383
12,2000-08-30,0.060315
12,2000-08-31,0.060179
12,2000-09-01,0.060145
12,2000-09-04,0.060247
12,2000-09-05,0.060281
12,2000-09-06,0.060417
12,2000-09-08,0.060452
12,2000-09-11,0.060588
12,2000-09-12,0.060588
12,2000-09-13,0.060622
12,2000-09-14,0.060656
12,2000-09-15,0.060622
12,2000-09-18,0.060622
12,2000-09-19,0.060588
12,2000-09-20,0.060588
12,2000-09-21,0.060622
12,2000-09-22,0.060588
12,2000-09-25,0.060554
12,2000-09-26,0.060486
12,2000-09-27,0.060383
12,2000-09-28,0.060417
12,2000-09-29,0.060588
12,2000-10-02,0.060622
12,2000-10-03,0.060588
12,2000-10-04,0.060656
12,2000-10-05,0.060656
12,2000-10-06,0.060554
12,2000-10-09,0.060554
12,2000-10-10,0.060520
12,2000-10-11,0.060452
12,2000-10-13,0.060520
12,2000-10-16,0.060554
12,2000-10-17,0.060554
12,2000-10-18,0.060554
12,2000-10-19,0.060554
12,2000-10-20,0.060588
12,2000-10-23,0.060554
12,2000-10-24,0.060520
12,2000-10-25,0.060520
12,2000-10-26,0.060554
12,2000-10-27,0.060554
12,2000-10-30,0.060554
12,2000-10-31,0.060588
12,2000-11-01,0.060520
12,2000-11-03,0.060417
12,2000-11-06,0.060281
12,2000-11-07,0.060349
12,2000-11-08,0.060486
12,2000-11-09,0.060520
12,2000-11-10,0.060554
12,2000-11-13,0.060554
12,2000-11-14,0.060588
12,2000-11-16,0.060588
12,2000-11-17,0.060622
12,2000-11-20,0.060588
12,2000-11-21,0.060588
12,2000-11-22,0.060349
12,2000-11-23,0.060349
12,2000-11-24,0.060315
12,2000-11-27,0.060281
12,2000-11-28,0.060315
12,2000-11-29,0.060213
12,2000-11-30,0.060145
12,2000-12-01,0.060179
12,2000-12-04,0.060145
12,2000-12-05,0.060145
12,2000-12-06,0.060110
12,2000-12-07,0.060076
12,2000-12-08,0.060076
12,2000-12-11,0.060042
12,2000-12-12,0.060008
12,2000-12-13,0.059974
12,2000-12-14,0.059940
12,2000-12-15,0.059940
12,2000-12-18,0.059871
12,2000-12-19,0.059803
12,2000-12-20,0.058983
12,2000-12-21,0.058023
12,2000-12-22,0.057989
12,2000-12-26,0.057955
12,2000-12-27,0.057886
12,2000-12-28,0.057955
12,2000-12-29,0.057955
12,2001-01-02,0.057989
12,2001-01-03,0.057886
12,2001-01-04,0.057852
12,2001-01-05,0.057886
12,2001-01-08,0.057852
12,2001-01-09,0.057852
12,2001-01-10,0.057646
12,2001-01-11,0.057577
12,2001-01-12,0.057508
12,2001-01-15,0.057474
12,2001-01-16,0.057508
12,2001-01-17,0.056442
12,2001-01-18,0.056166
12,2001-01-19,0.056166
12,2001-01-22,0.056097
12,2001-01-23,0.055994
12,2001-01-24,0.056063
12,2001-01-25,0.056097
12,2001-01-26,0.055891
12,2001-01-29,0.055787
12,2001-01-30,0.055753
12,2001-01-31,0.055615
12,2001-02-01,0.055580
12,2001-02-02,0.055546
12,2001-02-05,0.055615
12,2001-02-06,0.055649
12,2001-02-07,0.055753
12,2001-02-08,0.055822
12,2001-02-09,0.055891
12,2001-02-12,0.055822
12,2001-02-13,0.055753
12,2001-02-14,0.055442
12,2001-02-15,0.056063
12,2001-02-16,0.056063
12,2001-02-19,0.055960
12,2001-02-20,0.055994
12,2001-02-21,0.055994
12,2001-02-22,0.055994
12,2001-02-23,0.055960
12,2001-02-28,0.055891
12,2001-03-01,0.055787
12,2001-03-02,0.055787
12,2001-03-05,0.055787
12,2001-03-06,0.055753
12,2001-03-07,0.055718
12,2001-03-08,0.055718
12,2001-03-09,0.055649
12,2001-03-12,0.055649
12,2001-03-13,0.055684
12,2001-03-14,0.055684
12,2001-03-15,0.055684
12,2001-03-16,0.055891
12,2001-03-19,0.055960
12,2001-03-20,0.056097
12,2001-03-21,0.056097
12,2001-03-22,0.057955
12,2001-03-23,0.057989
12,2001-03-26,0.057955
12,2001-03-27,0.057955
12,2001-03-28,0.057920
12,2001-03-29,0.057920
12,2001-03-30,0.057955
12,2001-04-02,0.057955
12,2001-04-03,0.057989
12,2001-04-04,0.057955
12,2001-04-05,0.057920
12,2001-04-06,0.057955
12,2001-04-09,0.057920
12,2001-04-10,0.058023
12,2001-04-11,0.057989
12,2001-04-12,0.057989
12,2001-04-16,0.058058
12,2001-04-17,0.058058
12,2001-04-18,0.058298
12,2001-04-19,0.059701
12,2001-04-20,0.059701
12,2001-04-23,0.059701
12,2001-04-24,0.059701
12,2001-04-25,0.059701
12,2001-04-26,0.059701
12,2001-04-27,0.059769
12,2001-04-30,0.059701
12,2001-05-02,0.059667
12,2001-05-03,0.059632
12,2001-05-04,0.059701
12,2001-05-07,0.059701
12,2001-05-08,0.059735
12,2001-05-09,0.059769
12,2001-05-10,0.059769
12,2001-05-11,0.059769
12,2001-05-14,0.059735
12,2001-05-15,0.059769
12,2001-05-16,0.059735
12,2001-05-17,0.059769
12,2001-05-18,0.059769
12,2001-05-21,0.059735
12,2001-05-22,0.059769
12,2001-05-23,0.060997
12,2001-05-24,0.061371
12,2001-05-25,0.061473
12,2001-05-28,0.061507
12,2001-05-29,0.061541
12,2001-05-30,0.061541
12,2001-05-31,0.061507
12,2001-06-01,0.061541
12,2001-06-04,0.061507
12,2001-06-05,0.061473
12,2001-06-06,0.061405
12,2001-06-07,0.061337
12,2001-06-08,0.061201
12,2001-06-11,0.061099
12,2001-06-12,0.061167
12,2001-06-13,0.061099
12,2001-06-15,0.061201
12,2001-06-18,0.061473
12,2001-06-19,0.061575
12,2001-06-20,0.063068
12,2001-06-21,0.066576
12,2001-06-22,0.066609
12,2001-06-25,0.066609
12,2001-06-26,0.066576
12,2001-06-27,0.066643
12,2001-06-28,0.066643
12,2001-06-29,0.066643
12,2001-07-02,0.066677
12,2001-07-03,0.066710
12,2001-07-04,0.066710
12,2001-07-05,0.066710
12,2001-07-06,0.066777
12,2001-07-09,0.066744
12,2001-07-10,0.066811
12,2001-07-11,0.067146
12,2001-07-12,0.067314
12,2001-07-13,0.067180
12,2001-07-16,0.067046
12,2001-07-17,0.066945
12,2001-07-18,0.068051
12,2001-07-19,0.068886
12,2001-07-20,0.068953
12,2001-07-23,0.068853
12,2001-07-24,0.068886
12,2001-07-25,0.068886
12,2001-07-26,0.068786
12,2001-07-27,0.068919
12,2001-07-30,0.068919
12,2001-07-31,0.068919
12,2001-08-01,0.068953
12,2001-08-02,0.068919
12,2001-08-03,0.068953
12,2001-08-06,0.068986
12,2001-08-07,0.069053
12,2001-08-08,0.069053
12,2001-08-09,0.069053
12,2001-08-10,0.069020
12,2001-08-13,0.069086
12,2001-08-14,0.069086
12,2001-08-15,0.069086
12,2001-08-16,0.069120
12,2001-08-17,0.069153
12,2001-08-20,0.069153
12,2001-08-21,0.069186
12,2001-08-22,0.069253
12,2001-08-23,0.069153
12,2001-08-24,0.069186
12,2001-08-27,0.069153
12,2001-08-28,0.069120
12,2001-08-29,0.069053
12,2001-08-30,0.069120
12,2001-08-31,0.069186
12,2001-09-03,0.069186
12,2001-09-04,0.069120
12,2001-09-05,0.069120
12,2001-09-06,0.069120
12,2001-09-10,0.069186
12,2001-09-11,0.069153
12,2001-09-12,0.069153
12,2001-09-13,0.069120
12,2001-09-14,0.069186
12,2001-09-17,0.069186
12,2001-09-18,0.069186
12,2001-09-19,0.069153
12,2001-09-20,0.069153
12,2001-09-21,0.069220
12,2001-09-24,0.069186
12,2001-09-25,0.069253
12,2001-09-26,0.069320
12,2001-09-27,0.069353
12,2001-09-28,0.069353
12,2001-10-01,0.069386
12,2001-10-02,0.069420
12,2001-10-03,0.069420
12,2001-10-04,0.069353
12,2001-10-05,0.069320
12,2001-10-08,0.069286
12,2001-10-09,0.069253
12,2001-10-10,0.069186
12,2001-10-11,0.069186
12,2001-10-15,0.069186
12,2001-10-16,0.069153
12,2001-10-17,0.069120
12,2001-10-18,0.069186
12,2001-10-19,0.069153
12,2001-10-22,0.069153
12,2001-10-23,0.069186
12,2001-10-24,0.069186
12,2001-10-25,0.069153
12,2001-10-26,0.069120
12,2001-10-29,0.069186
12,2001-10-30,0.069153
12,2001-10-31,0.069153
12,2001-11-01,0.069153
12,2001-11-05,0.069186
12,2001-11-06,0.069186
12,2001-11-07,0.069220
12,2001-11-08,0.069186
12,2001-11-09,0.069220
12,2001-11-12,0.069220
12,2001-11-13,0.069186
12,2001-11-14,0.069220
12,2001-11-16,0.069220
12,2001-11-19,0.069220
12,2001-11-20,0.069220
12,2001-11-21,0.069153
12,2001-11-22,0.069220
12,2001-11-23,0.069220
12,2001-11-26,0.069220
12,2001-11-27,0.069220
12,2001-11-28,0.069220
12,2001-11-29,0.069220
12,2001-11-30,0.069253
12,2001-12-03,0.069253
12,2001-12-04,0.069253
12,2001-12-05,0.069320
12,2001-12-06,0.069286
12,2001-12-07,0.069286
12,2001-12-10,0.069253
12,2001-12-11,0.069286
12,2001-12-12,0.069253
12,2001-12-13,0.069186
12,2001-12-14,0.069186
12,2001-12-17,0.069220
12,2001-12-18,0.069220
12,2001-12-19,0.069220
12,2001-12-20,0.069220
12,2001-12-21,0.069253
12,2001-12-24,0.069253
12,2001-12-26,0.069153
12,2001-12-27,0.069120
12,2001-12-28,0.069120
12,2001-12-31,0.069120
12,2002-01-02,0.069120
12,2002-01-03,0.069120
12,2002-01-04,0.069153
12,2002-01-07,0.069153
12,2002-01-08,0.069120
12,2002-01-09,0.069153
12,2002-01-10,0.069153
12,2002-01-11,0.069120
12,2002-01-14,0.069120
12,2002-01-15,0.069120
12,2002-01-16,0.069120
12,2002-01-17,0.069120
12,2002-01-18,0.069120
12,2002-01-21,0.069153
12,2002-01-22,0.069120
12,2002-01-23,0.069086
12,2002-01-24,0.069120
12,2002-01-25,0.069120
12,2002-01-28,0.069120
12,2002-01-29,0.069120
12,2002-01-30,0.069120
12,2002-01-31,0.069153
12,2002-02-01,0.069186
12,2002-02-04,0.069186
12,2002-02-05,0.069186
12,2002-02-06,0.069186
12,2002-02-07,0.069186
12,2002-02-08,0.069186
12,2002-02-13,0.069186
12,2002-02-14,0.069186
12,2002-02-15,0.069186
12,2002-02-18,0.069186
12,2002-02-19,0.069153
12,2002-02-20,0.069120
12,2002-02-21,0.068318
12,2002-02-22,0.068318
12,2002-02-25,0.068352
12,2002-02-26,0.068318
12,2002-02-27,0.068385
12,2002-02-28,0.068352
12,2002-03-01,0.068352
12,2002-03-04,0.068352
12,2002-03-05,0.068352
12,2002-03-06,0.068352
12,2002-03-07,0.068352
12,2002-03-08,0.068352
12,2002-03-11,0.068352
12,2002-03-12,0.068352
12,2002-03-13,0.068352
12,2002-03-14,0.068352
12,2002-03-15,0.068352
12,2002-03-18,0.068352
12,2002-03-19,0.068352
12,2002-03-20,0.067247
12,2002-03-21,0.067515
12,2002-03-22,0.067515
12,2002-03-25,0.067548
12,2002-03-26,0.067582
12,2002-03-27,0.067582
12,2002-03-28,0.067548
12,2002-04-01,0.067448
12,2002-04-02,0.067247
12,2002-04-03,0.067113
12,2002-04-04,0.067079
12,2002-04-05,0.067046
12,2002-04-08,0.067012
12,2002-04-09,0.067012
12,2002-04-10,0.067012
12,2002-04-11,0.067012
12,2002-04-12,0.067012
12,2002-04-15,0.067012
12,2002-04-16,0.067012
12,2002-04-17,0.066844
12,2002-04-18,0.066979
12,2002-04-19,0.067012
12,2002-04-22,0.066878
12,2002-04-23,0.066844
12,2002-04-24,0.066811
12,2002-04-25,0.066811
12,2002-04-26,0.066710
12,2002-04-29,0.066542
12,2002-04-30,0.066106
12,2002-05-02,0.066609
12,2002-05-03,0.066542
12,2002-05-06,0.066408
12,2002-05-07,0.066139
12,2002-05-08,0.065769
12,2002-05-09,0.066005
12,2002-05-10,0.066341
12,2002-05-13,0.066677
12,2002-05-14,0.066844
12,2002-05-15,0.066878
12,2002-05-16,0.066811
12,2002-05-17,0.066811
12,2002-05-20,0.066677
12,2002-05-21,0.066139
12,2002-05-22,0.066206
12,2002-05-23,0.066710
12,2002-05-24,0.066844
12,2002-05-27,0.066744
12,2002-05-28,0.066509
12,2002-05-29,0.065904
12,2002-05-31,0.064792
12,2002-06-03,0.061983
12,2002-06-04,0.050928
12,2002-06-05,0.059598
12,2002-06-06,0.063339
12,2002-06-07,0.065163
12,2002-06-10,0.065971
12,2002-06-11,0.066139
12,2002-06-12,0.065904
12,2002-06-13,0.065534
12,2002-06-14,0.066542
12,2002-06-17,0.066945
12,2002-06-18,0.066844
12,2002-06-19,0.066979
12,2002-06-20,0.067046
12,2002-06-21,0.067012
12,2002-06-24,0.067012
12,2002-06-25,0.067180
12,2002-06-26,0.067213
12,2002-06-27,0.067113
12,2002-06-28,0.067213
12,2002-07-01,0.067146
12,2002-07-02,0.066912
12,2002-07-03,0.066945
12,2002-07-04,0.066710
12,2002-07-05,0.066979
12,2002-07-08,0.067146
12,2002-07-09,0.067180
12,2002-07-10,0.067046
12,2002-07-11,0.066912
12,2002-07-12,0.066542
12,2002-07-15,0.066811
12,2002-07-16,0.066878
12,2002-07-17,0.066475
12,2002-07-18,0.065332
12,2002-07-19,0.065231
12,2002-07-22,0.065264
12,2002-07-23,0.065163
12,2002-07-24,0.065433
12,2002-07-25,0.065298
12,2002-07-26,0.065365
12,2002-07-29,0.065365
12,2002-07-30,0.065298
12,2002-07-31,0.065231
12,2002-08-01,0.065197
12,2002-08-02,0.065298
12,2002-08-05,0.065163
12,2002-08-06,0.065399
12,2002-08-07,0.065365
12,2002-08-08,0.065332
12,2002-08-09,0.065332
12,2002-08-12,0.065163
12,2002-08-13,0.065365
12,2002-08-14,0.065197
12,2002-08-15,0.065231
12,2002-08-16,0.065298
12,2002-08-19,0.065332
12,2002-08-20,0.065332
12,2002-08-21,0.065332
12,2002-08-22,0.064927
12,2002-08-23,0.065096
12,2002-08-26,0.065197
12,2002-08-27,0.065264
12,2002-08-28,0.065298
12,2002-08-29,0.065298
12,2002-08-30,0.065264
12,2002-09-02,0.065399
12,2002-09-03,0.065433
12,2002-09-04,0.065231
12,2002-09-05,0.065298
12,2002-09-06,0.065264
12,2002-09-09,0.065298
12,2002-09-10,0.065332
12,2002-09-11,0.065332
12,2002-09-12,0.065298
12,2002-09-13,0.065298
12,2002-09-16,0.065332
12,2002-09-17,0.065298
12,2002-09-18,0.065365
12,2002-09-19,0.065332
12,2002-09-20,0.065332
12,2002-09-23,0.065365
12,2002-09-24,0.065264
12,2002-09-25,0.065298
12,2002-09-26,0.065298
12,2002-09-27,0.065332
12,2002-09-30,0.065365
12,2002-10-01,0.065332
12,2002-10-02,0.065365
12,2002-10-03,0.065332
12,2002-10-04,0.065231
12,2002-10-07,0.065197
12,2002-10-08,0.065163
12,2002-10-09,0.065163
12,2002-10-10,0.065197
12,2002-10-11,0.065163
12,2002-10-14,0.065298
12,2002-10-15,0.075245
12,2002-10-16,0.075212
12,2002-10-17,0.075146
12,2002-10-18,0.075146
12,2002-10-21,0.075146
12,2002-10-22,0.075113
12,2002-10-23,0.075048
12,2002-10-24,0.075080
12,2002-10-25,0.075048
12,2002-10-28,0.075048
12,2002-10-29,0.074982
12,2002-10-30,0.075048
12,2002-10-31,0.074982
12,2002-11-01,0.075015
12,2002-11-04,0.075048
12,2002-11-05,0.075080
12,2002-11-06,0.075113
12,2002-11-07,0.075113
12,2002-11-08,0.075113
12,2002-11-11,0.075080
12,2002-11-12,0.075080
12,2002-11-13,0.074982
12,2002-11-14,0.074982
12,2002-11-18,0.074949
12,2002-11-19,0.074949
12,2002-11-20,0.074982
12,2002-11-21,0.077636
12,2002-11-22,0.077962
12,2002-11-25,0.078191
12,2002-11-26,0.078354
12,2002-11-27,0.078386
12,2002-11-28,0.078321
12,2002-11-29,0.078126
12,2002-12-02,0.078321
12,2002-12-03,0.078419
12,2002-12-04,0.078386
12,2002-12-05,0.078419
12,2002-12-06,0.078419
12,2002-12-09,0.078354
12,2002-12-10,0.078289
12,2002-12-11,0.078158
12,2002-12-12,0.078126
12,2002-12-13,0.078093
12,2002-12-16,0.078093
12,2002-12-17,0.078060
12,2002-12-18,0.078060
12,2002-12-19,0.087729
12,2002-12-20,0.087793
12,2002-12-23,0.087825
12,2002-12-24,0.087729
12,2002-12-26,0.087761
12,2002-12-27,0.087857
12,2002-12-30,0.087984
12,2002-12-31,0.088048
12,2003-01-02,0.088016
12,2003-01-03,0.087984
12,2003-01-06,0.088048
12,2003-01-07,0.088048
12,2003-01-08,0.088016
12,2003-01-09,0.087984
12,2003-01-10,0.087984
12,2003-01-13,0.087952
12,2003-01-14,0.087984
12,2003-01-15,0.088048
12,2003-01-16,0.088111
12,2003-01-17,0.088111
12,2003-01-20,0.088080
12,2003-01-21,0.088080
12,2003-01-22,0.088111
12,2003-01-23,0.089477
12,2003-01-24,0.089604
12,2003-01-27,0.089635
12,2003-01-28,0.089287
12,2003-01-29,0.089572
12,2003-01-30,0.089635
12,2003-01-31,0.089477
12,2003-02-03,0.089635
12,2003-02-04,0.089699
12,2003-02-05,0.089762
12,2003-02-06,0.089762
12,2003-02-07,0.089699
12,2003-02-10,0.089667
12,2003-02-11,0.089635
12,2003-02-12,0.089477
12,2003-02-13,0.089445
12,2003-02-14,0.089509
12,2003-02-17,0.089604
12,2003-02-18,0.089509
12,2003-02-19,0.089540
12,2003-02-20,0.091974
12,2003-02-21,0.092352
12,2003-02-24,0.092446
12,2003-02-25,0.092477
12,2003-02-26,0.092477
12,2003-02-27,0.092509
12,2003-02-28,0.092635
12,2003-03-05,0.092698
12,2003-03-06,0.092666
12,2003-03-07,0.092666
12,2003-03-10,0.092761
12,2003-03-11,0.092698
12,2003-03-12,0.092666
12,2003-03-13,0.092603
12,2003-03-14,0.092603
12,2003-03-17,0.092603
12,2003-03-18,0.092509
12,2003-03-19,0.092477
12,2003-03-20,0.092509
12,2003-03-21,0.092477
12,2003-03-24,0.092446
12,2003-03-25,0.092352
12,2003-03-26,0.092383
12,2003-03-27,0.092352
12,2003-03-28,0.092446
12,2003-03-31,0.092477
12,2003-04-01,0.092415
12,2003-04-02,0.092415
12,2003-04-03,0.092415
12,2003-04-04,0.092415
12,2003-04-07,0.092446
12,2003-04-08,0.092446
12,2003-04-09,0.092415
12,2003-04-10,0.092352
12,2003-04-11,0.092383
12,2003-04-14,0.092383
12,2003-04-15,0.092415
12,2003-04-16,0.092603
12,2003-04-17,0.092666
12,2003-04-22,0.092635
12,2003-04-23,0.092635
12,2003-04-24,0.092540
12,2003-04-25,0.092446
12,2003-04-28,0.092477
12,2003-04-29,0.092477
12,2003-04-30,0.092635
12,2003-05-02,0.092666
12,2003-05-05,0.092635
12,2003-05-06,0.092540
12,2003-05-07,0.092509
12,2003-05-08,0.092477
12,2003-05-09,0.092477
12,2003-05-12,0.092446
12,2003-05-13,0.092415
12,2003-05-14,0.092477
12,2003-05-15,0.092383
12,2003-05-16,0.092540
12,2003-05-19,0.092572
12,2003-05-20,0.092509
12,2003-05-21,0.092383
12,2003-05-22,0.092320
12,2003-05-23,0.092352
12,2003-05-26,0.092352
12,2003-05-27,0.092320
12,2003-05-28,0.092289
12,2003-05-29,0.092320
12,2003-05-30,0.092320
12,2003-06-02,0.092352
12,2003-06-03,0.092383
12,2003-06-04,0.092320
12,2003-06-05,0.092352
12,2003-06-06,0.092320
12,2003-06-09,0.092320
12,2003-06-10,0.092320
12,2003-06-11,0.092289
12,2003-06-12,0.092257
12,2003-06-13,0.092257
12,2003-06-16,0.092257
12,2003-06-17,0.092257
12,2003-06-18,0.092194
12,2003-06-20,0.090680
12,2003-06-23,0.090648
12,2003-06-24,0.090680
12,2003-06-25,0.090680
12,2003-06-26,0.090680
12,2003-06-27,0.090711
12,2003-06-30,0.090743
12,2003-07-01,0.090648
12,2003-07-02,0.090648
12,2003-07-03,0.090617
12,2003-07-04,0.090585
12,2003-07-07,0.090553
12,2003-07-08,0.090585
12,2003-07-09,0.090585
12,2003-07-10,0.090522
12,2003-07-11,0.090522
12,2003-07-14,0.090553
12,2003-07-15,0.090585
12,2003-07-16,0.090553
12,2003-07-17,0.090490
12,2003-07-18,0.090585
12,2003-07-21,0.090490
12,2003-07-22,0.090427
12,2003-07-23,0.090364
12,2003-07-24,0.085974
12,2003-07-25,0.086006
12,2003-07-28,0.085974
12,2003-07-29,0.085974
12,2003-07-30,0.086006
12,2003-07-31,0.086070
12,2003-08-01,0.086070
12,2003-08-04,0.086166
12,2003-08-05,0.086166
12,2003-08-06,0.086166
12,2003-08-07,0.086102
12,2003-08-08,0.086166
12,2003-08-11,0.086198
12,2003-08-12,0.086198
12,2003-08-13,0.086134
12,2003-08-14,0.086038
12,2003-08-15,0.086038
12,2003-08-18,0.086070
12,2003-08-19,0.086038
12,2003-08-20,0.084982
12,2003-08-21,0.077995
12,2003-08-22,0.077897
12,2003-08-25,0.077865
12,2003-08-26,0.077832
12,2003-08-27,0.077930
12,2003-08-28,0.077962
12,2003-08-29,0.077930
12,2003-09-01,0.077930
12,2003-09-02,0.077930
12,2003-09-03,0.077962
12,2003-09-04,0.077962
12,2003-09-05,0.077995
12,2003-09-08,0.077995
12,2003-09-09,0.078028
12,2003-09-10,0.078028
12,2003-09-11,0.078028
12,2003-09-12,0.078060
12,2003-09-15,0.077995
12,2003-09-16,0.077865
12,2003-09-17,0.077603
12,2003-09-18,0.071349
12,2003-09-19,0.071316
12,2003-09-22,0.071382
12,2003-09-23,0.071448
12,2003-09-24,0.071448
12,2003-09-25,0.071415
12,2003-09-26,0.071415
12,2003-09-29,0.071415
12,2003-09-30,0.071415
12,2003-10-01,0.071448
12,2003-10-02,0.071481
12,2003-10-03,0.071481
12,2003-10-06,0.071448
12,2003-10-07,0.071448
12,2003-10-08,0.071448
12,2003-10-09,0.071415
12,2003-10-10,0.071481
12,2003-10-13,0.071515
12,2003-10-14,0.071515
12,2003-10-15,0.071515
12,2003-10-16,0.071548
12,2003-10-17,0.071581
12,2003-10-20,0.071548
12,2003-10-21,0.071481
12,2003-10-22,0.071349
12,2003-10-23,0.068117
12,2003-10-24,0.068051
12,2003-10-27,0.068051
12,2003-10-28,0.068051
12,2003-10-29,0.068184
12,2003-10-30,0.068184
12,2003-10-31,0.068218
12,2003-11-03,0.068184
12,2003-11-04,0.068218
12,2003-11-05,0.068251
12,2003-11-06,0.068251
12,2003-11-07,0.068218
12,2003-11-10,0.068218
12,2003-11-11,0.068218
12,2003-11-12,0.068251
12,2003-11-13,0.068251
12,2003-11-14,0.068251
12,2003-11-17,0.068251
12,2003-11-18,0.068218
12,2003-11-19,0.068151
12,2003-11-20,0.063305
12,2003-11-21,0.063272
12,2003-11-24,0.063305
12,2003-11-25,0.063238
12,2003-11-26,0.063238
12,2003-11-27,0.063204
12,2003-11-28,0.063170
12,2003-12-01,0.063102
12,2003-12-02,0.063035
12,2003-12-03,0.063068
12,2003-12-04,0.063068
12,2003-12-05,0.063068
12,2003-12-08,0.063102
12,2003-12-09,0.063068
12,2003-12-10,0.063102
12,2003-12-11,0.063035
12,2003-12-12,0.063001
12,2003-12-15,0.063001
12,2003-12-16,0.062967
12,2003-12-17,0.062933
12,2003-12-18,0.059598
12,2003-12-19,0.059701
12,2003-12-22,0.059701
12,2003-12-23,0.059735
12,2003-12-24,0.059701
12,2003-12-26,0.059667
12,2003-12-29,0.059701
12,2003-12-30,0.059735
12,2003-12-31,0.059837
12,2004-01-02,0.059803
12,2004-01-05,0.059769
12,2004-01-06,0.059735
12,2004-01-07,0.059701
12,2004-01-08,0.059667
12,2004-01-09,0.059667
12,2004-01-12,0.059667
12,2004-01-13,0.059667
12,2004-01-14,0.059667
12,2004-01-15,0.059632
12,2004-01-16,0.059598
12,2004-01-19,0.059598
12,2004-01-20,0.059598
12,2004-01-21,0.059598
12,2004-01-22,0.059701
12,2004-01-23,0.059735
12,2004-01-26,0.059701
12,2004-01-27,0.059701
12,2004-01-28,0.059632
12,2004-01-29,0.059564
12,2004-01-30,0.059667
12,2004-02-02,0.059667
12,2004-02-03,0.059667
12,2004-02-04,0.059667
12,2004-02-05,0.059667
12,2004-02-06,0.059632
12,2004-02-09,0.059598
12,2004-02-10,0.059564
12,2004-02-11,0.059530
12,2004-02-12,0.059598
12,2004-02-13,0.059701
12,2004-02-16,0.059735
12,2004-02-17,0.059735
12,2004-02-18,0.059735
12,2004-02-19,0.059701
12,2004-02-20,0.059769
12,2004-02-25,0.059735
12,2004-02-26,0.059735
12,2004-02-27,0.059735
12,2004-03-01,0.059701
12,2004-03-02,0.059701
12,2004-03-03,0.059667
12,2004-03-04,0.059632
12,2004-03-05,0.059667
12,2004-03-08,0.059701
12,2004-03-09,0.059667
12,2004-03-10,0.059701
12,2004-03-11,0.059632
12,2004-03-12,0.059632
12,2004-03-15,0.059598
12,2004-03-16,0.059598
12,2004-03-17,0.059598
12,2004-03-18,0.058880
12,2004-03-19,0.058948
12,2004-03-22,0.059085
12,2004-03-23,0.059188
12,2004-03-24,0.059051
12,2004-03-25,0.058983
12,2004-03-26,0.058983
12,2004-03-29,0.058948
12,2004-03-30,0.058914
12,2004-03-31,0.058983
12,2004-04-01,0.059017
12,2004-04-02,0.059017
12,2004-04-05,0.059017
12,2004-04-06,0.058983
12,2004-04-07,0.058948
12,2004-04-08,0.058948
12,2004-04-12,0.058914
12,2004-04-13,0.058914
12,2004-04-14,0.058777
12,2004-04-15,0.058092
12,2004-04-16,0.057955
12,2004-04-19,0.057989
12,2004-04-20,0.057989
12,2004-04-22,0.057955
12,2004-04-23,0.057955
12,2004-04-26,0.057955
12,2004-04-27,0.057920
12,2004-04-28,0.057920
12,2004-04-29,0.057886
12,2004-04-30,0.058023
12,2004-05-03,0.057955
12,2004-05-04,0.057989
12,2004-05-05,0.057920
12,2004-05-06,0.057955
12,2004-05-07,0.057920
12,2004-05-10,0.057886
12,2004-05-11,0.057886
12,2004-05-12,0.057886
12,2004-05-13,0.057886
12,2004-05-14,0.057955
12,2004-05-17,0.057920
12,2004-05-18,0.057920
12,2004-05-19,0.057886
12,2004-05-20,0.057920
12,2004-05-21,0.057989
12,2004-05-24,0.057989
12,2004-05-25,0.057955
12,2004-05-26,0.058126
12,2004-05-27,0.058263
12,2004-05-28,0.058298
12,2004-05-31,0.058263
12,2004-06-01,0.058058
12,2004-06-02,0.058023
12,2004-06-03,0.057920
12,2004-06-04,0.058058
12,2004-06-07,0.057989
12,2004-06-08,0.057920
12,2004-06-09,0.057886
12,2004-06-11,0.057886
12,2004-06-14,0.057886
12,2004-06-15,0.057920
12,2004-06-16,0.057920
12,2004-06-17,0.057920
12,2004-06-18,0.057886
12,2004-06-21,0.057955
12,2004-06-22,0.057920
12,2004-06-23,0.057886
12,2004-06-24,0.057886
12,2004-06-25,0.057852
12,2004-06-28,0.057886
12,2004-06-29,0.057886
12,2004-06-30,0.057955
12,2004-07-01,0.057920
12,2004-07-02,0.057852
12,2004-07-05,0.057852
12,2004-07-06,0.057886
12,2004-07-07,0.057852
12,2004-07-08,0.057989
12,2004-07-09,0.058126
12,2004-07-12,0.057920
12,2004-07-13,0.057920
12,2004-07-14,0.057852
12,2004-07-15,0.057920
12,2004-07-16,0.057886
12,2004-07-19,0.057886
12,2004-07-20,0.057886
12,2004-07-21,0.057920
12,2004-07-22,0.057852
12,2004-07-23,0.057886
12,2004-07-26,0.057920
12,2004-07-27,0.057886
12,2004-07-28,0.057886
12,2004-07-29,0.057886
12,2004-07-30,0.058023
12,2004-08-02,0.058058
12,2004-08-03,0.058092
12,2004-08-04,0.058126
12,2004-08-05,0.058160
12,2004-08-06,0.058126
12,2004-08-09,0.058126
12,2004-08-10,0.058092
12,2004-08-11,0.058126
12,2004-08-12,0.058092
12,2004-08-13,0.058058
12,2004-08-16,0.058092
12,2004-08-17,0.058058
12,2004-08-18,0.057989
12,2004-08-19,0.058023
12,2004-08-20,0.058023
12,2004-08-23,0.058126
12,2004-08-24,0.058126
12,2004-08-25,0.058023
12,2004-08-26,0.058023
12,2004-08-27,0.058160
12,2004-08-30,0.058263
12,2004-08-31,0.058298
12,2004-09-01,0.058195
12,2004-09-02,0.058263
12,2004-09-03,0.058160
12,2004-09-06,0.058195
12,2004-09-08,0.058229
12,2004-09-09,0.058160
12,2004-09-10,0.058263
12,2004-09-13,0.058435
12,2004-09-14,0.058469
12,2004-09-15,0.058537
12,2004-09-16,0.059461
12,2004-09-17,0.059427
12,2004-09-20,0.059496
12,2004-09-21,0.059325
12,2004-09-22,0.059427
12,2004-09-23,0.059393
12,2004-09-24,0.059496
12,2004-09-27,0.059496
12,2004-09-28,0.059496
12,2004-09-29,0.059393
12,2004-09-30,0.059496
12,2004-10-01,0.059530
12,2004-10-04,0.059461
12,2004-10-05,0.059427
12,2004-10-06,0.059427
12,2004-10-07,0.059427
12,2004-10-08,0.059427
12,2004-10-11,0.059427
12,2004-10-13,0.059496
12,2004-10-14,0.059461
12,2004-10-15,0.059461
12,2004-10-18,0.059461
12,2004-10-19,0.059427
12,2004-10-20,0.059427
12,2004-10-21,0.061065
12,2004-10-22,0.061201
12,2004-10-25,0.061269
12,2004-10-26,0.061269
12,2004-10-27,0.061201
12,2004-10-28,0.061201
12,2004-10-29,0.061167
12,2004-11-01,0.061201
12,2004-11-03,0.061303
12,2004-11-04,0.061303
12,2004-11-05,0.061337
12,2004-11-08,0.061337
12,2004-11-09,0.061337
12,2004-11-10,0.061337
12,2004-11-11,0.061337
12,2004-11-12,0.061371
12,2004-11-16,0.061405
12,2004-11-17,0.061371
12,2004-11-18,0.063035
12,2004-11-19,0.063035
12,2004-11-22,0.063035
12,2004-11-23,0.062967
12,2004-11-24,0.062967
12,2004-11-25,0.062899
12,2004-11-26,0.062899
12,2004-11-29,0.062933
12,2004-11-30,0.063001
12,2004-12-01,0.063068
12,2004-12-02,0.063035
12,2004-12-03,0.063001
12,2004-12-06,0.062967
12,2004-12-07,0.062967
12,2004-12-08,0.062899
12,2004-12-09,0.062899
12,2004-12-10,0.062967
12,2004-12-13,0.062967
12,2004-12-14,0.063001
12,2004-12-15,0.063001
12,2004-12-16,0.064657
12,2004-12-17,0.064657
12,2004-12-20,0.064691
12,2004-12-21,0.064657
12,2004-12-22,0.064691
12,2004-12-23,0.064725
12,2004-12-24,0.064725
12,2004-12-27,0.064725
12,2004-12-28,0.064691
12,2004-12-29,0.064759
12,2004-12-30,0.064860
12,2004-12-31,0.064893
12,2005-01-03,0.064893
12,2005-01-04,0.064759
12,2005-01-05,0.064759
12,2005-01-06,0.064759
12,2005-01-07,0.064725
12,2005-01-10,0.064725
12,2005-01-11,0.064691
12,2005-01-12,0.064759
12,2005-01-13,0.064691
12,2005-01-14,0.064759
12,2005-01-17,0.064826
12,2005-01-18,0.064792
12,2005-01-19,0.064792
12,2005-01-20,0.066442
12,2005-01-21,0.066475
12,2005-01-24,0.066509
12,2005-01-25,0.066509
12,2005-01-26,0.066442
12,2005-01-27,0.066475
12,2005-01-28,0.066442
12,2005-01-31,0.066542
12,2005-02-01,0.066542
12,2005-02-02,0.066576
12,2005-02-03,0.066542
12,2005-02-04,0.066542
12,2005-02-09,0.066542
12,2005-02-10,0.066475
12,2005-02-11,0.066475
12,2005-02-14,0.066442
12,2005-02-15,0.066442
12,2005-02-16,0.066374
12,2005-02-17,0.068051
12,2005-02-18,0.068017
12,2005-02-21,0.068017
12,2005-02-22,0.068017
12,2005-02-23,0.067984
12,2005-02-24,0.067984
12,2005-02-25,0.067984
12,2005-02-28,0.067984
12,2005-03-01,0.067950
12,2005-03-02,0.067883
12,2005-03-03,0.067883
12,2005-03-04,0.067850
12,2005-03-07,0.067917
12,2005-03-08,0.067850
12,2005-03-09,0.067816
12,2005-03-10,0.067783
12,2005-03-11,0.067783
12,2005-03-14,0.067783
12,2005-03-15,0.067816
12,2005-03-16,0.067850
12,2005-03-17,0.069553
12,2005-03-18,0.069620
12,2005-03-21,0.069653
12,2005-03-22,0.069686
12,2005-03-23,0.069720
12,2005-03-24,0.069753
12,2005-03-28,0.069720
12,2005-03-29,0.069720
12,2005-03-30,0.069686
12,2005-03-31,0.069753
12,2005-04-01,0.069753
12,2005-04-04,0.069753
12,2005-04-05,0.069786
12,2005-04-06,0.069753
12,2005-04-07,0.069753
12,2005-04-08,0.069720
12,2005-04-11,0.069720
12,2005-04-12,0.069653
12,2005-04-13,0.069686
12,2005-04-14,0.069686
12,2005-04-15,0.069653
12,2005-04-18,0.069653
12,2005-04-19,0.069686
12,2005-04-20,0.069653
12,2005-04-22,0.070352
12,2005-04-25,0.070419
12,2005-04-26,0.070419
12,2005-04-27,0.070485
12,2005-04-28,0.070518
12,2005-04-29,0.070585
12,2005-05-02,0.070651
12,2005-05-03,0.070651
12,2005-05-04,0.070651
12,2005-05-05,0.070651
12,2005-05-06,0.070685
12,2005-05-09,0.070618
12,2005-05-10,0.070618
12,2005-05-11,0.070618
12,2005-05-12,0.070618
12,2005-05-13,0.070585
12,2005-05-16,0.070651
12,2005-05-17,0.070651
12,2005-05-18,0.070618
12,2005-05-19,0.071415
12,2005-05-20,0.071415
12,2005-05-23,0.071415
12,2005-05-24,0.071415
12,2005-05-25,0.071382
12,2005-05-27,0.071415
12,2005-05-30,0.071481
12,2005-05-31,0.071614
12,2005-06-01,0.071614
12,2005-06-02,0.071548
12,2005-06-03,0.071515
12,2005-06-06,0.071481
12,2005-06-07,0.071481
12,2005-06-08,0.071415
12,2005-06-09,0.071415
12,2005-06-10,0.071448
12,2005-06-13,0.071481
12,2005-06-14,0.071481
12,2005-06-15,0.071481
12,2005-06-16,0.071448
12,2005-06-17,0.071481
12,2005-06-20,0.071448
12,2005-06-21,0.071415
12,2005-06-22,0.071448
12,2005-06-23,0.071448
12,2005-06-24,0.071481
12,2005-06-27,0.071515
12,2005-06-28,0.071515
12,2005-06-29,0.071515
12,2005-06-30,0.071515
12,2005-07-01,0.071481
12,2005-07-04,0.071515
12,2005-07-05,0.071448
12,2005-07-06,0.071448
12,2005-07-07,0.071415
12,2005-07-08,0.071349
12,2005-07-11,0.071415
12,2005-07-12,0.071382
12,2005-07-13,0.071382
12,2005-07-14,0.071415
12,2005-07-15,0.071415
12,2005-07-18,0.071382
12,2005-07-19,0.071382
12,2005-07-20,0.071349
12,2005-07-21,0.071349
12,2005-07-22,0.071349
12,2005-07-25,0.071349
12,2005-07-26,0.071316
12,2005-07-27,0.071282
12,2005-07-28,0.071282
12,2005-07-29,0.071316
12,2005-08-01,0.071349
12,2005-08-02,0.071382
12,2005-08-03,0.071382
12,2005-08-04,0.071382
12,2005-08-05,0.071349
12,2005-08-08,0.071349
12,2005-08-09,0.071316
12,2005-08-10,0.071316
12,2005-08-11,0.071316
12,2005-08-12,0.071316
12,2005-08-15,0.071282
12,2005-08-16,0.071249
12,2005-08-17,0.071183
12,2005-08-18,0.071116
12,2005-08-19,0.071216
12,2005-08-22,0.071249
12,2005-08-23,0.071249
12,2005-08-24,0.071282
12,2005-08-25,0.071282
12,2005-08-26,0.071249
12,2005-08-29,0.071349
12,2005-08-30,0.071349
12,2005-08-31,0.071415
12,2005-09-01,0.071448
12,2005-09-02,0.071448
12,2005-09-05,0.071448
12,2005-09-06,0.071415
12,2005-09-08,0.071349
12,2005-09-09,0.071349
12,2005-09-12,0.071382
12,2005-09-13,0.071349
12,2005-09-14,0.071349
12,2005-09-15,0.070585
12,2005-09-16,0.070585
12,2005-09-19,0.070585
12,2005-09-20,0.070552
12,2005-09-21,0.070452
12,2005-09-22,0.070485
12,2005-09-23,0.070452
12,2005-09-26,0.070518
12,2005-09-27,0.070485
12,2005-09-28,0.070518
12,2005-09-29,0.070552
12,2005-09-30,0.070751
12,2005-10-03,0.070618
12,2005-10-04,0.070485
12,2005-10-05,0.070452
12,2005-10-06,0.070385
12,2005-10-07,0.070419
12,2005-10-10,0.070385
12,2005-10-11,0.070419
12,2005-10-13,0.070319
12,2005-10-14,0.070319
12,2005-10-17,0.070252
12,2005-10-18,0.070286
12,2005-10-19,0.070286
12,2005-10-20,0.068719
12,2005-10-21,0.068686
12,2005-10-24,0.068652
12,2005-10-25,0.068686
12,2005-10-26,0.068619
12,2005-10-27,0.068652
12,2005-10-28,0.068619
12,2005-10-31,0.068786
12,2005-11-01,0.068919
12,2005-11-03,0.068819
12,2005-11-04,0.068886
12,2005-11-07,0.068886
12,2005-11-08,0.068853
12,2005-11-09,0.068886
12,2005-11-10,0.068886
12,2005-11-11,0.068853
12,2005-11-14,0.068886
12,2005-11-16,0.068786
12,2005-11-17,0.068786
12,2005-11-18,0.068786
12,2005-11-21,0.068686
12,2005-11-22,0.068686
12,2005-11-23,0.068585
12,2005-11-24,0.066979
12,2005-11-25,0.067012
12,2005-11-28,0.067012
12,2005-11-29,0.067079
12,2005-11-30,0.067146
12,2005-12-01,0.067146
12,2005-12-02,0.067113
12,2005-12-05,0.067146
12,2005-12-06,0.067113
12,2005-12-07,0.067113
12,2005-12-08,0.067012
12,2005-12-09,0.067012
12,2005-12-12,0.067012
12,2005-12-13,0.066979
12,2005-12-14,0.066912
12,2005-12-15,0.065365
12,2005-12-16,0.065399
12,2005-12-19,0.065466
12,2005-12-20,0.065500
12,2005-12-21,0.065534
12,2005-12-22,0.065534
12,2005-12-23,0.065534
12,2005-12-26,0.065500
12,2005-12-27,0.065500
12,2005-12-28,0.065466
12,2005-12-29,0.065635
12,2005-12-30,0.065668
12,2006-01-02,0.065500
12,2006-01-03,0.065500
12,2006-01-04,0.065466
12,2006-01-05,0.065433
12,2006-01-06,0.065433
12,2006-01-09,0.065399
12,2006-01-10,0.065332
12,2006-01-11,0.065332
12,2006-01-12,0.065365
12,2006-01-13,0.065332
12,2006-01-16,0.065332
12,2006-01-17,0.065298
12,2006-01-18,0.065298
12,2006-01-19,0.062696
12,2006-01-20,0.062730
12,2006-01-23,0.062865
12,2006-01-24,0.062967
12,2006-01-25,0.063035
12,2006-01-26,0.063272
12,2006-01-27,0.063001
12,2006-01-30,0.062763
12,2006-01-31,0.062662
12,2006-02-01,0.062831
12,2006-02-02,0.062933
12,2006-02-03,0.062933
12,2006-02-06,0.062933
12,2006-02-07,0.062933
12,2006-02-08,0.062933
12,2006-02-09,0.062933
12,2006-02-10,0.062899
12,2006-02-13,0.062865
12,2006-02-14,0.062899
12,2006-02-15,0.063068
12,2006-02-16,0.063035
12,2006-02-17,0.063068
12,2006-02-20,0.063068
12,2006-02-21,0.063068
12,2006-02-22,0.063136
12,2006-02-23,0.063136
12,2006-02-24,0.063305
12,2006-03-01,0.063305
12,2006-03-02,0.063305
12,2006-03-03,0.063272
12,2006-03-06,0.063238
12,2006-03-07,0.063204
12,2006-03-08,0.063136
12,2006-03-09,0.060656
12,2006-03-10,0.060588
12,2006-03-13,0.060588
12,2006-03-14,0.060554
12,2006-03-15,0.060520
12,2006-03-16,0.060486
12,2006-03-17,0.060486
12,2006-03-20,0.060486
12,2006-03-21,0.060486
12,2006-03-22,0.060520
12,2006-03-23,0.060588
12,2006-03-24,0.060520
12,2006-03-27,0.060520
12,2006-03-28,0.060554
12,2006-03-29,0.060554
12,2006-03-30,0.060588
12,2006-03-31,0.060656
12,2006-04-03,0.060452
12,2006-04-04,0.060383
12,2006-04-05,0.060349
12,2006-04-06,0.060315
12,2006-04-07,0.060281
12,2006-04-10,0.060281
12,2006-04-11,0.060281
12,2006-04-12,0.060281
12,2006-04-13,0.060281
12,2006-04-17,0.060281
12,2006-04-18,0.060281
12,2006-04-19,0.060281
12,2006-04-20,0.057714
12,2006-04-24,0.057680
12,2006-04-25,0.057646
12,2006-04-26,0.057611
12,2006-04-27,0.057646
12,2006-04-28,0.057886
12,2006-05-02,0.057852
12,2006-05-03,0.057852
12,2006-05-04,0.057783
12,2006-05-05,0.057852
12,2006-05-08,0.057886
12,2006-05-09,0.057817
12,2006-05-10,0.057749
12,2006-05-11,0.057714
12,2006-05-12,0.057749
12,2006-05-15,0.057852
12,2006-05-16,0.057920
12,2006-05-17,0.057749
12,2006-05-18,0.057714
12,2006-05-19,0.057680
12,2006-05-22,0.057646
12,2006-05-23,0.057646
12,2006-05-24,0.057646
12,2006-05-25,0.057680
12,2006-05-26,0.057646
12,2006-05-29,0.057646
12,2006-05-30,0.057680
12,2006-05-31,0.057714
12,2006-06-01,0.055994
12,2006-06-02,0.056063
12,2006-06-05,0.056097
12,2006-06-06,0.055994
12,2006-06-07,0.055960
12,2006-06-08,0.055960
12,2006-06-09,0.055960
12,2006-06-12,0.055994
12,2006-06-13,0.055994
12,2006-06-14,0.055960
12,2006-06-16,0.055960
12,2006-06-19,0.055960
12,2006-06-20,0.055960
12,2006-06-21,0.055994
12,2006-06-22,0.055960
12,2006-06-23,0.055960
12,2006-06-26,0.055960
12,2006-06-27,0.055925
12,2006-06-28,0.055925
12,2006-06-29,0.055891
12,2006-06-30,0.056097
12,2006-07-03,0.056097
12,2006-07-04,0.056028
12,2006-07-05,0.056028
12,2006-07-06,0.055994
12,2006-07-07,0.055960
12,2006-07-10,0.055960
12,2006-07-11,0.055925
12,2006-07-12,0.055960
12,2006-07-13,0.055925
12,2006-07-14,0.055891
12,2006-07-17,0.055925
12,2006-07-18,0.055925
12,2006-07-19,0.055891
12,2006-07-20,0.054197
12,2006-07-21,0.054162
12,2006-07-24,0.054128
12,2006-07-25,0.054128
12,2006-07-26,0.054093
12,2006-07-27,0.054058
12,2006-07-28,0.054058
12,2006-07-31,0.054197
12,2006-08-01,0.054128
12,2006-08-02,0.054128
12,2006-08-03,0.054128
12,2006-08-04,0.054128
12,2006-08-07,0.054093
12,2006-08-08,0.054128
12,2006-08-09,0.054128
12,2006-08-10,0.054093
12,2006-08-11,0.054162
12,2006-08-14,0.054197
12,2006-08-15,0.054232
12,2006-08-16,0.054232
12,2006-08-17,0.054197
12,2006-08-18,0.054232
12,2006-08-21,0.054232
12,2006-08-22,0.054232
12,2006-08-23,0.054197
12,2006-08-24,0.054162
12,2006-08-25,0.054162
12,2006-08-28,0.054128
12,2006-08-29,0.054128
12,2006-08-30,0.054058
12,2006-08-31,0.052392
12,2006-09-01,0.052461
12,2006-09-04,0.052461
12,2006-09-05,0.052427
12,2006-09-06,0.052461
12,2006-09-08,0.052427
12,2006-09-11,0.052392
12,2006-09-12,0.052322
12,2006-09-13,0.052357
12,2006-09-14,0.052357
12,2006-09-15,0.052322
12,2006-09-18,0.052322
12,2006-09-19,0.052357
12,2006-09-20,0.052322
12,2006-09-21,0.052322
12,2006-09-22,0.052322
12,2006-09-25,0.052392
12,2006-09-26,0.052357
12,2006-09-27,0.052461
12,2006-09-28,0.052461
12,2006-09-29,0.052635
12,2006-10-02,0.052566
12,2006-10-03,0.052496
12,2006-10-04,0.052496
12,2006-10-05,0.052496
12,2006-10-06,0.052461
12,2006-10-09,0.052392
12,2006-10-10,0.052357
12,2006-10-11,0.052322
12,2006-10-13,0.052287
12,2006-10-16,0.052287
12,2006-10-17,0.052322
12,2006-10-18,0.052357
12,2006-10-19,0.050613
12,2006-10-20,0.050613
12,2006-10-23,0.050613
12,2006-10-24,0.050613
12,2006-10-25,0.050613
12,2006-10-26,0.050613
12,2006-10-27,0.050613
12,2006-10-30,0.050578
12,2006-10-31,0.050788
12,2006-11-01,0.050753
12,2006-11-03,0.050753
12,2006-11-06,0.050893
12,2006-11-07,0.050858
12,2006-11-08,0.050788
12,2006-11-09,0.050718
12,2006-11-10,0.050718
12,2006-11-13,0.050718
12,2006-11-14,0.050718
12,2006-11-16,0.050683
12,2006-11-17,0.050648
12,2006-11-20,0.050648
12,2006-11-21,0.050683
12,2006-11-22,0.050648
12,2006-11-23,0.050683
12,2006-11-24,0.050648
12,2006-11-27,0.050648
12,2006-11-28,0.050613
12,2006-11-29,0.050613
12,2006-11-30,0.048967
12,2006-12-01,0.049002
12,2006-12-04,0.049037
12,2006-12-05,0.049037
12,2006-12-06,0.049002
12,2006-12-07,0.048932
12,2006-12-08,0.048967
12,2006-12-11,0.048897
12,2006-12-12,0.048862
12,2006-12-13,0.048862
12,2006-12-14,0.048862
12,2006-12-15,0.048897
12,2006-12-18,0.048932
12,2006-12-19,0.049002
12,2006-12-20,0.049037
12,2006-12-21,0.049037
12,2006-12-22,0.049002
12,2006-12-26,0.049073
12,2006-12-27,0.049073
12,2006-12-28,0.049108
12,2006-12-29,0.049108
12,2007-01-02,0.049073
12,2007-01-03,0.049073
12,2007-01-04,0.049073
12,2007-01-05,0.049108
12,2007-01-08,0.049143
12,2007-01-09,0.049143
12,2007-01-10,0.049037
12,2007-01-11,0.048932
12,2007-01-12,0.048967
12,2007-01-15,0.049002
12,2007-01-16,0.048932
12,2007-01-17,0.048932
12,2007-01-18,0.048967
12,2007-01-19,0.048897
12,2007-01-22,0.048932
12,2007-01-23,0.048932
12,2007-01-24,0.048511
12,2007-01-25,0.048054
12,2007-01-26,0.047948
12,2007-01-29,0.047983
12,2007-01-30,0.048054
12,2007-01-31,0.048194
12,2007-02-01,0.048230
12,2007-02-02,0.048194
12,2007-02-05,0.048230
12,2007-02-06,0.048159
12,2007-02-07,0.048124
12,2007-02-08,0.048124
12,2007-02-09,0.048089
12,2007-02-12,0.048089
12,2007-02-13,0.048124
12,2007-02-14,0.048124
12,2007-02-15,0.048089
12,2007-02-16,0.048124
12,2007-02-21,0.048194
12,2007-02-22,0.048054
12,2007-02-23,0.048054
12,2007-02-26,0.048054
12,2007-02-27,0.048019
12,2007-02-28,0.048159
12,2007-03-01,0.048159
12,2007-03-02,0.048159
12,2007-03-05,0.048159
12,2007-03-06,0.048124
12,2007-03-07,0.048054
12,2007-03-08,0.047244
12,2007-03-09,0.047314
12,2007-03-12,0.047279
12,2007-03-13,0.047173
12,2007-03-14,0.047209
12,2007-03-15,0.047209
12,2007-03-16,0.047279
12,2007-03-19,0.047279
12,2007-03-20,0.047244
12,2007-03-21,0.047279
12,2007-03-22,0.047209
12,2007-03-23,0.047138
12,2007-03-26,0.047103
12,2007-03-27,0.047103
12,2007-03-28,0.047138
12,2007-03-29,0.047173
12,2007-03-30,0.047314
12,2007-04-02,0.047350
12,2007-04-03,0.047279
12,2007-04-04,0.047244
12,2007-04-05,0.047314
12,2007-04-09,0.047279
12,2007-04-10,0.047209
12,2007-04-11,0.047209
12,2007-04-12,0.047209
12,2007-04-13,0.047209
12,2007-04-16,0.047244
12,2007-04-17,0.047173
12,2007-04-18,0.047103
12,2007-04-19,0.046291
12,2007-04-20,0.046291
12,2007-04-23,0.046256
12,2007-04-24,0.046185
12,2007-04-25,0.046150
12,2007-04-26,0.046150
12,2007-04-27,0.046150
12,2007-04-30,0.046150
12,2007-05-02,0.046150
12,2007-05-03,0.046150
12,2007-05-04,0.046185
12,2007-05-07,0.046256
12,2007-05-08,0.046221
12,2007-05-09,0.046221
12,2007-05-10,0.046256
12,2007-05-11,0.046221
12,2007-05-14,0.046256
12,2007-05-15,0.046221
12,2007-05-16,0.046185
12,2007-05-17,0.046256
12,2007-05-18,0.046221
12,2007-05-21,0.046221
12,2007-05-22,0.046221
12,2007-05-23,0.046221
12,2007-05-24,0.046185
12,2007-05-25,0.046256
12,2007-05-28,0.046291
12,2007-05-29,0.046327
12,2007-05-30,0.046291
12,2007-05-31,0.046362
12,2007-06-01,0.046362
12,2007-06-04,0.046362
12,2007-06-05,0.046397
12,2007-06-06,0.046327
12,2007-06-08,0.044556
12,2007-06-11,0.044556
12,2007-06-12,0.044521
12,2007-06-13,0.044521
12,2007-06-14,0.044485
12,2007-06-15,0.044485
12,2007-06-18,0.044521
12,2007-06-19,0.044521
12,2007-06-20,0.044485
12,2007-06-21,0.044485
12,2007-06-22,0.044485
12,2007-06-25,0.044485
12,2007-06-26,0.044485
12,2007-06-27,0.044485
12,2007-06-28,0.044521
12,2007-06-29,0.044592
12,2007-07-02,0.044556
12,2007-07-03,0.044521
12,2007-07-04,0.044521
12,2007-07-05,0.044521
12,2007-07-06,0.044556
12,2007-07-09,0.044592
12,2007-07-10,0.044521
12,2007-07-11,0.044556
12,2007-07-12,0.044521
12,2007-07-13,0.044485
12,2007-07-16,0.044485
12,2007-07-17,0.044485
12,2007-07-18,0.044556
12,2007-07-19,0.042671
12,2007-07-20,0.042742
12,2007-07-23,0.042778
12,2007-07-24,0.042814
12,2007-07-25,0.042778
12,2007-07-26,0.042742
12,2007-07-27,0.042778
12,2007-07-30,0.042778
12,2007-07-31,0.042742
12,2007-08-01,0.042778
12,2007-08-02,0.042814
12,2007-08-03,0.042849
12,2007-08-06,0.042849
12,2007-08-07,0.042778
12,2007-08-08,0.042742
12,2007-08-09,0.042707
12,2007-08-10,0.042742
12,2007-08-13,0.042707
12,2007-08-14,0.042742
12,2007-08-15,0.042707
12,2007-08-16,0.042707
12,2007-08-17,0.042742
12,2007-08-20,0.042742
12,2007-08-21,0.042707
12,2007-08-22,0.042707
12,2007-08-23,0.042671
12,2007-08-24,0.042742
12,2007-08-27,0.042707
12,2007-08-28,0.042707
12,2007-08-29,0.042707
12,2007-08-30,0.042707
12,2007-08-31,0.042921
12,2007-09-03,0.043027
12,2007-09-04,0.042814
12,2007-09-05,0.042742
12,2007-09-06,0.041922
12,2007-09-10,0.041922
12,2007-09-11,0.041886
12,2007-09-12,0.041850
12,2007-09-13,0.041814
12,2007-09-14,0.041850
12,2007-09-17,0.041814
12,2007-09-18,0.041850
12,2007-09-19,0.041779
12,2007-09-20,0.041743
12,2007-09-21,0.041743
12,2007-09-24,0.041707
12,2007-09-25,0.041707
12,2007-09-26,0.041743
12,2007-09-27,0.041779
12,2007-09-28,0.041850
12,2007-10-01,0.041850
12,2007-10-02,0.041850
12,2007-10-03,0.041814
12,2007-10-04,0.041814
12,2007-10-05,0.041814
12,2007-10-08,0.041814
12,2007-10-09,0.041814
12,2007-10-10,0.041814
12,2007-10-11,0.041814
12,2007-10-15,0.041850
12,2007-10-16,0.041850
12,2007-10-17,0.041743
12,2007-10-18,0.041779
12,2007-10-19,0.041814
12,2007-10-22,0.041850
12,2007-10-23,0.041814
12,2007-10-24,0.041850
12,2007-10-25,0.041850
12,2007-10-26,0.041814
12,2007-10-29,0.041850
12,2007-10-30,0.041814
12,2007-10-31,0.041743
12,2007-11-01,0.041779
12,2007-11-05,0.041814
12,2007-11-06,0.041814
12,2007-11-07,0.041814
12,2007-11-08,0.041779
12,2007-11-09,0.041779
12,2007-11-12,0.041814
12,2007-11-13,0.041886
12,2007-11-14,0.041814
12,2007-11-16,0.041779
12,2007-11-19,0.041886
12,2007-11-20,0.041886
12,2007-11-21,0.041886
12,2007-11-22,0.041850
12,2007-11-23,0.041779
12,2007-11-26,0.041814
12,2007-11-27,0.041886
12,2007-11-28,0.041814
12,2007-11-29,0.041779
12,2007-11-30,0.041850
12,2007-12-03,0.041886
12,2007-12-04,0.041886
12,2007-12-05,0.041922
12,2007-12-06,0.041850
12,2007-12-07,0.041779
12,2007-12-10,0.041814
12,2007-12-11,0.041743
12,2007-12-12,0.041743
12,2007-12-13,0.041707
12,2007-12-14,0.041707
12,2007-12-17,0.041707
12,2007-12-18,0.041743
12,2007-12-19,0.041779
12,2007-12-20,0.041743
12,2007-12-21,0.041886
12,2007-12-24,0.041886
12,2007-12-26,0.041814
12,2007-12-27,0.041814
12,2007-12-28,0.041850
12,2007-12-31,0.041850
12,2008-01-02,0.041743
12,2008-01-03,0.041743
12,2008-01-04,0.041564
12,2008-01-07,0.041707
12,2008-01-08,0.041743
12,2008-01-09,0.041779
12,2008-01-10,0.041814
12,2008-01-11,0.041743
12,2008-01-14,0.041743
12,2008-01-15,0.041707
12,2008-01-16,0.041707
12,2008-01-17,0.041672
12,2008-01-18,0.041672
12,2008-01-21,0.041707
12,2008-01-22,0.041707
12,2008-01-23,0.041707
12,2008-01-24,0.041743
12,2008-01-25,0.041743
12,2008-01-28,0.041743
12,2008-01-29,0.041707
12,2008-01-30,0.041743
12,2008-01-31,0.041779
12,2008-02-01,0.041743
12,2008-02-06,0.041779
12,2008-02-07,0.041743
12,2008-02-08,0.041707
12,2008-02-11,0.041743
12,2008-02-12,0.041743
12,2008-02-13,0.041707
12,2008-02-14,0.041672
12,2008-02-15,0.041636
12,2008-02-18,0.041672
12,2008-02-19,0.041636
12,2008-02-20,0.041636
12,2008-02-21,0.041600
12,2008-02-22,0.041636
12,2008-02-25,0.041636
12,2008-02-26,0.041672
12,2008-02-27,0.041672
12,2008-02-28,0.041707
12,2008-02-29,0.041707
12,2008-03-03,0.041779
12,2008-03-04,0.041743
12,2008-03-05,0.041707
12,2008-03-06,0.041707
12,2008-03-07,0.041743
12,2008-03-10,0.041743
12,2008-03-11,0.041779
12,2008-03-12,0.041707
12,2008-03-13,0.041707
12,2008-03-14,0.041779
12,2008-03-17,0.041743
12,2008-03-18,0.041743
12,2008-03-19,0.041779
12,2008-03-20,0.041814
12,2008-03-24,0.041779
12,2008-03-25,0.041779
12,2008-03-26,0.041743
12,2008-03-27,0.041743
12,2008-03-28,0.041743
12,2008-03-31,0.041957
12,2008-04-01,0.041922
12,2008-04-02,0.041779
12,2008-04-03,0.041957
12,2008-04-04,0.041886
12,2008-04-07,0.041957
12,2008-04-08,0.041814
12,2008-04-09,0.041779
12,2008-04-10,0.041814
12,2008-04-11,0.041814
12,2008-04-14,0.041814
12,2008-04-15,0.041850
12,2008-04-16,0.041850
12,2008-04-17,0.043633
12,2008-04-18,0.043633
12,2008-04-22,0.043597
12,2008-04-23,0.043490
12,2008-04-24,0.043490
12,2008-04-25,0.043526
12,2008-04-28,0.043490
12,2008-04-29,0.043455
12,2008-04-30,0.043455
12,2008-05-02,0.043490
12,2008-05-05,0.043419
12,2008-05-06,0.043419
12,2008-05-07,0.043384
12,2008-05-08,0.043384
12,2008-05-09,0.043419
12,2008-05-12,0.043419
12,2008-05-13,0.043419
12,2008-05-14,0.043348
12,2008-05-15,0.043348
12,2008-05-16,0.043348
12,2008-05-19,0.043312
12,2008-05-20,0.043384
12,2008-05-21,0.043384
12,2008-05-23,0.043348
12,2008-05-26,0.043384
12,2008-05-27,0.043384
12,2008-05-28,0.043348
12,2008-05-29,0.043312
12,2008-05-30,0.043384
12,2008-06-02,0.043419
12,2008-06-03,0.043348
12,2008-06-04,0.043312
12,2008-06-05,0.045088
12,2008-06-06,0.045088
12,2008-06-09,0.045124
12,2008-06-10,0.045194
12,2008-06-11,0.045230
12,2008-06-12,0.045265
12,2008-06-13,0.045230
12,2008-06-16,0.045230
12,2008-06-17,0.045265
12,2008-06-18,0.045194
12,2008-06-19,0.045194
12,2008-06-20,0.045194
12,2008-06-23,0.045301
12,2008-06-24,0.045265
12,2008-06-25,0.045265
12,2008-06-26,0.045230
12,2008-06-27,0.045230
12,2008-06-30,0.045301
12,2008-07-01,0.045619
12,2008-07-02,0.045442
12,2008-07-03,0.045336
12,2008-07-04,0.045407
12,2008-07-07,0.045372
12,2008-07-08,0.045442
12,2008-07-09,0.045478
12,2008-07-10,0.045407
12,2008-07-11,0.045372
12,2008-07-14,0.045301
12,2008-07-15,0.045265
12,2008-07-16,0.045336
12,2008-07-17,0.045301
12,2008-07-18,0.045301
12,2008-07-21,0.045336
12,2008-07-22,0.045265
12,2008-07-23,0.045230
12,2008-07-24,0.047948
12,2008-07-25,0.047948
12,2008-07-28,0.047913
12,2008-07-29,0.047913
12,2008-07-30,0.047948
12,2008-07-31,0.047983
12,2008-08-01,0.048089
12,2008-08-04,0.048019
12,2008-08-05,0.048054
12,2008-08-06,0.048054
12,2008-08-07,0.048054
12,2008-08-08,0.048019
12,2008-08-11,0.047948
12,2008-08-12,0.047948
12,2008-08-13,0.047983
12,2008-08-14,0.047983
12,2008-08-15,0.047983
12,2008-08-18,0.048089
12,2008-08-19,0.048054
12,2008-08-20,0.048019
12,2008-08-21,0.048019
12,2008-08-22,0.047948
12,2008-08-25,0.047983
12,2008-08-26,0.047948
12,2008-08-27,0.047948
12,2008-08-28,0.047948
12,2008-08-29,0.047878
12,2008-09-01,0.047948
12,2008-09-02,0.047913
12,2008-09-03,0.048054
12,2008-09-04,0.047948
12,2008-09-05,0.047843
12,2008-09-08,0.048124
12,2008-09-09,0.048019
12,2008-09-10,0.048089
12,2008-09-11,0.050718
12,2008-09-12,0.050578
12,2008-09-15,0.050578
12,2008-09-16,0.050613
12,2008-09-17,0.050543
12,2008-09-18,0.050543
12,2008-09-19,0.050788
12,2008-09-22,0.050893
12,2008-09-23,0.050683
12,2008-09-24,0.050578
12,2008-09-25,0.050613
12,2008-09-26,0.050613
12,2008-09-29,0.050543
12,2008-09-30,0.050578
12,2008-10-01,0.050543
12,2008-10-02,0.050648
12,2008-10-03,0.050788
12,2008-10-06,0.051137
12,2008-10-07,0.050963
12,2008-10-08,0.050858
12,2008-10-09,0.050788
12,2008-10-10,0.050823
12,2008-10-13,0.050998
12,2008-10-14,0.050753
12,2008-10-15,0.050893
12,2008-10-16,0.050823
12,2008-10-17,0.050753
12,2008-10-20,0.050858
12,2008-10-21,0.050683
12,2008-10-22,0.050439
12,2008-10-23,0.050613
12,2008-10-24,0.050718
12,2008-10-27,0.050718
12,2008-10-28,0.050753
12,2008-10-29,0.050683
12,2008-10-30,0.050508
12,2008-10-31,0.050578
12,2008-11-03,0.050543
12,2008-11-04,0.050474
12,2008-11-05,0.050474
12,2008-11-06,0.050264
12,2008-11-07,0.050229
12,2008-11-10,0.050264
12,2008-11-11,0.050124
12,2008-11-12,0.049914
12,2008-11-13,0.049353
12,2008-11-14,0.049388
12,2008-11-17,0.049493
12,2008-11-18,0.049388
12,2008-11-19,0.048230
12,2008-11-20,0.048054
12,2008-11-21,0.048792
12,2008-11-24,0.049073
12,2008-11-25,0.049002
12,2008-11-26,0.049037
12,2008-11-27,0.049283
12,2008-11-28,0.049774
12,2008-12-01,0.050159
12,2008-12-02,0.050194
12,2008-12-03,0.050124
12,2008-12-04,0.050159
12,2008-12-05,0.050124
12,2008-12-08,0.050124
12,2008-12-09,0.050159
12,2008-12-10,0.050124
12,2008-12-11,0.050124
12,2008-12-12,0.050089
12,2008-12-15,0.050124
12,2008-12-16,0.050124
12,2008-12-17,0.050194
12,2008-12-18,0.050264
12,2008-12-19,0.050124
12,2008-12-22,0.050299
12,2008-12-23,0.050159
12,2008-12-24,0.050334
12,2008-12-26,0.050299
12,2008-12-29,0.050578
12,2008-12-30,0.050648
12,2008-12-31,0.050683
12,2009-01-02,0.050683
12,2009-01-05,0.050578
12,2009-01-06,0.050613
12,2009-01-07,0.050648
12,2009-01-08,0.050613
12,2009-01-09,0.050648
12,2009-01-12,0.050613
12,2009-01-13,0.050613
12,2009-01-14,0.050613
12,2009-01-15,0.050683
12,2009-01-16,0.050648
12,2009-01-19,0.049844
12,2009-01-20,0.050089
12,2009-01-21,0.050648
12,2009-01-22,0.047138
12,2009-01-23,0.047138
12,2009-01-26,0.047173
12,2009-01-27,0.047173
12,2009-01-28,0.047173
12,2009-01-29,0.047173
12,2009-01-30,0.047138
12,2009-02-02,0.047209
12,2009-02-03,0.047173
12,2009-02-04,0.047209
12,2009-02-05,0.047209
12,2009-02-06,0.047209
12,2009-02-09,0.047173
12,2009-02-10,0.047209
12,2009-02-11,0.047173
12,2009-02-12,0.047209
12,2009-02-13,0.047173
12,2009-02-16,0.047209
12,2009-02-17,0.047173
12,2009-02-18,0.047173
12,2009-02-19,0.047173
12,2009-02-20,0.047173
12,2009-02-25,0.047173
12,2009-02-26,0.047173
12,2009-02-27,0.047103
12,2009-03-02,0.047138
12,2009-03-03,0.047173
12,2009-03-04,0.047173
12,2009-03-05,0.047173
12,2009-03-06,0.047173
12,2009-03-09,0.047173
12,2009-03-10,0.047173
12,2009-03-11,0.047103
12,2009-03-12,0.041850
12,2009-03-13,0.041850
12,2009-03-16,0.041600
12,2009-03-17,0.041493
12,2009-03-18,0.041814
12,2009-03-19,0.041886
12,2009-03-20,0.041886
12,2009-03-23,0.041886
12,2009-03-24,0.041850
12,2009-03-25,0.041850
12,2009-03-26,0.041850
12,2009-03-27,0.041779
12,2009-03-30,0.041529
12,2009-03-31,0.041707
12,2009-04-01,0.041886
12,2009-04-02,0.041886
12,2009-04-03,0.041886
12,2009-04-06,0.041886
12,2009-04-07,0.041886
12,2009-04-08,0.041886
12,2009-04-09,0.041886
12,2009-04-13,0.041529
12,2009-04-14,0.041493
12,2009-04-15,0.041886
12,2009-04-16,0.041886
12,2009-04-17,0.041636
12,2009-04-20,0.041672
12,2009-04-22,0.041850
12,2009-04-23,0.041886
12,2009-04-24,0.041886
12,2009-04-27,0.041886
12,2009-04-28,0.041850
12,2009-04-29,0.041386
12,2009-04-30,0.038261
12,2009-05-04,0.038298
12,2009-05-05,0.038298
12,2009-05-06,0.038298
12,2009-05-07,0.038298
12,2009-05-08,0.038261
12,2009-05-11,0.038261
12,2009-05-12,0.038261
12,2009-05-13,0.038261
12,2009-05-14,0.038261
12,2009-05-15,0.038298
12,2009-05-18,0.038298
12,2009-05-19,0.038298
12,2009-05-20,0.038298
12,2009-05-21,0.037901
12,2009-05-22,0.037793
12,2009-05-25,0.037756
12,2009-05-26,0.038261
12,2009-05-27,0.038261
12,2009-05-28,0.038189
12,2009-05-29,0.037865
12,2009-06-01,0.037829
12,2009-06-02,0.038189
12,2009-06-03,0.038009
12,2009-06-04,0.038153
12,2009-06-05,0.038189
12,2009-06-08,0.037865
12,2009-06-09,0.037468
12,2009-06-10,0.037612
12,2009-06-12,0.034604
12,2009-06-15,0.034240
12,2009-06-16,0.034167
12,2009-06-17,0.034167
12,2009-06-18,0.034203
12,2009-06-19,0.034240
12,2009-06-22,0.034131
12,2009-06-23,0.034131
12,2009-06-24,0.034094
12,2009-06-25,0.034167
12,2009-06-26,0.034640
12,2009-06-29,0.034604
12,2009-06-30,0.034058
12,2009-07-01,0.034495
12,2009-07-02,0.034567
12,2009-07-03,0.034604
12,2009-07-06,0.034640
12,2009-07-07,0.034640
12,2009-07-08,0.034276
12,2009-07-09,0.034240
12,2009-07-10,0.034677
12,2009-07-13,0.034640
12,2009-07-14,0.034203
12,2009-07-15,0.034058
12,2009-07-16,0.034677
12,2009-07-17,0.034677
12,2009-07-20,0.034677
12,2009-07-21,0.034640
12,2009-07-22,0.034203
12,2009-07-23,0.032817
12,2009-07-24,0.032817
12,2009-07-27,0.032817
12,2009-07-28,0.032415
12,2009-07-29,0.032817
12,2009-07-30,0.032780
12,2009-07-31,0.032780
12,2009-08-03,0.032854
12,2009-08-04,0.032780
12,2009-08-05,0.032780
12,2009-08-06,0.032817
12,2009-08-07,0.032817
12,2009-08-10,0.032817
12,2009-08-11,0.032817
12,2009-08-12,0.032817
12,2009-08-13,0.032817
12,2009-08-14,0.032817
12,2009-08-17,0.032817
12,2009-08-18,0.032817
12,2009-08-19,0.032854
12,2009-08-20,0.032854
12,2009-08-21,0.032817
12,2009-08-24,0.032817
12,2009-08-25,0.032817
12,2009-08-26,0.032817
12,2009-08-27,0.032817
12,2009-08-28,0.032817
12,2009-08-31,0.032817
12,2009-09-01,0.032817
12,2009-09-02,0.032817
12,2009-09-03,0.032817
12,2009-09-04,0.032817
12,2009-09-08,0.032817
12,2009-09-09,0.032854
12,2009-09-10,0.032854
12,2009-09-11,0.032854
12,2009-09-14,0.032854
12,2009-09-15,0.032817
12,2009-09-16,0.032854
12,2009-09-17,0.032817
12,2009-09-18,0.032854
12,2009-09-21,0.032817
12,2009-09-22,0.032854
12,2009-09-23,0.032854
12,2009-09-24,0.032817
12,2009-09-25,0.032817
12,2009-09-28,0.032817
12,2009-09-29,0.032707
12,2009-09-30,0.032744
12,2009-10-01,0.032817
12,2009-10-02,0.032817
12,2009-10-05,0.032817
12,2009-10-06,0.032817
12,2009-10-07,0.032817
12,2009-10-08,0.032780
12,2009-10-09,0.032780
12,2009-10-13,0.032780
12,2009-10-14,0.032780
12,2009-10-15,0.032780
12,2009-10-16,0.032817
12,2009-10-19,0.032817
12,2009-10-20,0.032817
12,2009-10-21,0.032817
12,2009-10-22,0.032817
12,2009-10-23,0.032817
12,2009-10-26,0.032817
12,2009-10-27,0.032817
12,2009-10-28,0.032780
12,2009-10-29,0.032817
12,2009-10-30,0.032817
12,2009-11-03,0.032854
12,2009-11-04,0.032854
12,2009-11-05,0.032854
12,2009-11-06,0.032854
12,2009-11-09,0.032854
12,2009-11-10,0.032854
12,2009-11-11,0.032890
12,2009-11-12,0.032854
12,2009-11-13,0.032854
12,2009-11-16,0.032854
12,2009-11-17,0.032817
12,2009-11-18,0.032817
12,2009-11-19,0.032817
12,2009-11-20,0.032854
12,2009-11-23,0.032780
12,2009-11-24,0.032890
12,2009-11-25,0.032927
12,2009-11-26,0.032927
12,2009-11-27,0.032744
12,2009-11-30,0.032817
12,2009-12-01,0.032744
12,2009-12-02,0.032854
12,2009-12-03,0.032854
12,2009-12-04,0.032817
12,2009-12-07,0.032598
12,2009-12-08,0.032780
12,2009-12-09,0.032854
12,2009-12-10,0.032817
12,2009-12-11,0.032817
12,2009-12-14,0.032817
12,2009-12-15,0.032854
12,2009-12-16,0.032854
12,2009-12-17,0.032854
12,2009-12-18,0.032854
12,2009-12-21,0.032890
12,2009-12-22,0.032817
12,2009-12-23,0.032780
12,2009-12-24,0.032780
12,2009-12-28,0.032817
12,2009-12-29,0.032817
12,2009-12-30,0.032561
12,2009-12-31,0.032561
12,2010-01-04,0.032780
12,2010-01-05,0.032780
12,2010-01-06,0.032780
12,2010-01-07,0.032817
12,2010-01-08,0.032817
12,2010-01-11,0.032817
12,2010-01-12,0.032817
12,2010-01-13,0.032817
12,2010-01-14,0.032817
12,2010-01-15,0.032780
12,2010-01-18,0.032780
12,2010-01-19,0.032780
12,2010-01-20,0.032817
12,2010-01-21,0.032817
12,2010-01-22,0.032817
12,2010-01-25,0.032817
12,2010-01-26,0.032817
12,2010-01-27,0.032817
12,2010-01-28,0.032817
12,2010-01-29,0.032854
12,2010-02-01,0.032854
12,2010-02-02,0.032817
12,2010-02-03,0.032780
12,2010-02-04,0.032817
12,2010-02-05,0.032817
12,2010-02-08,0.032817
12,2010-02-09,0.032817
12,2010-02-10,0.032817
12,2010-02-11,0.032817
12,2010-02-12,0.032817
12,2010-02-17,0.032817
12,2010-02-18,0.032854
12,2010-02-19,0.032854
12,2010-02-22,0.032854
12,2010-02-23,0.032854
12,2010-02-24,0.032817
12,2010-02-25,0.032817
12,2010-02-26,0.032817
12,2010-03-01,0.032780
12,2010-03-02,0.032817
12,2010-03-03,0.032817
12,2010-03-04,0.032780
12,2010-03-05,0.032780
12,2010-03-08,0.032854
12,2010-03-09,0.032854
12,2010-03-10,0.032854
12,2010-03-11,0.032817
12,2010-03-12,0.032780
12,2010-03-15,0.032817
12,2010-03-16,0.032780
12,2010-03-17,0.032817
12,2010-03-18,0.032780
12,2010-03-19,0.032817
12,2010-03-22,0.032817
12,2010-03-23,0.032817
12,2010-03-24,0.032817
12,2010-03-25,0.032780
12,2010-03-26,0.032744
12,2010-03-29,0.032598
12,2010-03-30,0.032707
12,2010-03-31,0.032780
12,2010-04-01,0.032671
12,2010-04-05,0.032780
12,2010-04-06,0.032817
12,2010-04-07,0.032854
12,2010-04-08,0.032817
12,2010-04-09,0.032817
12,2010-04-12,0.032854
12,2010-04-13,0.032817
12,2010-04-14,0.032780
12,2010-04-15,0.032817
12,2010-04-16,0.032854
12,2010-04-19,0.032854
12,2010-04-20,0.032854
12,2010-04-22,0.032817
12,2010-04-23,0.032817
12,2010-04-26,0.032817
12,2010-04-27,0.032854
12,2010-04-28,0.032817
12,2010-04-29,0.035585
12,2010-04-30,0.035585
12,2010-05-03,0.035694
12,2010-05-04,0.035694
12,2010-05-05,0.035694
12,2010-05-06,0.035621
12,2010-05-07,0.035621
12,2010-05-10,0.035585
12,2010-05-11,0.035549
12,2010-05-12,0.035585
12,2010-05-13,0.035585
12,2010-05-14,0.035585
12,2010-05-17,0.035585
12,2010-05-18,0.035549
12,2010-05-19,0.035549
12,2010-05-20,0.035549
12,2010-05-21,0.035549
12,2010-05-24,0.035585
12,2010-05-25,0.035585
12,2010-05-26,0.035585
12,2010-05-27,0.035549
12,2010-05-28,0.035585
12,2010-05-31,0.035549
12,2010-06-01,0.035657
12,2010-06-02,0.035657
12,2010-06-04,0.035621
12,2010-06-07,0.035657
12,2010-06-08,0.035621
12,2010-06-09,0.035585
12,2010-06-10,0.038261
12,2010-06-11,0.038117
12,2010-06-14,0.038225
12,2010-06-15,0.038298
12,2010-06-16,0.038261
12,2010-06-17,0.038261
12,2010-06-18,0.038298
12,2010-06-21,0.038298
12,2010-06-22,0.038298
12,2010-06-23,0.038298
12,2010-06-24,0.038298
12,2010-06-25,0.038298
12,2010-06-28,0.038298
12,2010-06-29,0.038298
12,2010-06-30,0.038261
12,2010-07-01,0.038334
12,2010-07-02,0.038334
12,2010-07-05,0.038334
12,2010-07-06,0.038334
12,2010-07-07,0.038334
12,2010-07-08,0.038334
12,2010-07-09,0.038334
12,2010-07-12,0.038334
12,2010-07-13,0.038334
12,2010-07-14,0.038298
12,2010-07-15,0.038334
12,2010-07-16,0.038334
12,2010-07-19,0.038298
12,2010-07-20,0.038334
12,2010-07-21,0.038334
12,2010-07-22,0.040132
12,2010-07-23,0.040132
12,2010-07-26,0.040132
12,2010-07-27,0.040096
12,2010-07-28,0.040096
12,2010-07-29,0.040096
12,2010-07-30,0.040096
12,2010-08-02,0.040168
12,2010-08-03,0.040132
12,2010-08-04,0.040132
12,2010-08-05,0.040132
12,2010-08-06,0.040132
12,2010-08-09,0.040132
12,2010-08-10,0.040132
12,2010-08-11,0.040132
12,2010-08-12,0.040132
12,2010-08-13,0.040132
12,2010-08-16,0.040132
12,2010-08-17,0.040132
12,2010-08-18,0.040096
12,2010-08-19,0.040096
12,2010-08-20,0.040096
12,2010-08-23,0.040096
12,2010-08-24,0.040096
12,2010-08-25,0.040132
12,2010-08-26,0.040096
12,2010-08-27,0.040132
12,2010-08-30,0.040024
12,2010-08-31,0.040096
12,2010-09-01,0.040096
12,2010-09-02,0.040096
12,2010-09-03,0.040060
12,2010-09-06,0.040024
12,2010-09-08,0.040060
12,2010-09-09,0.040132
12,2010-09-10,0.040096
12,2010-09-13,0.040060
12,2010-09-14,0.040060
12,2010-09-15,0.039916
12,2010-09-16,0.039988
12,2010-09-17,0.040060
12,2010-09-20,0.040060
12,2010-09-21,0.040060
12,2010-09-22,0.040060
12,2010-09-23,0.040096
12,2010-09-24,0.040096
12,2010-09-27,0.040096
12,2010-09-28,0.040060
12,2010-09-29,0.039988
12,2010-09-30,0.040024
12,2010-10-01,0.040132
12,2010-10-04,0.040132
12,2010-10-05,0.040132
12,2010-10-06,0.040132
12,2010-10-07,0.040132
12,2010-10-08,0.040132
12,2010-10-11,0.040132
12,2010-10-13,0.040132
12,2010-10-14,0.040096
12,2010-10-15,0.040132
12,2010-10-18,0.040132
12,2010-10-19,0.040132
12,2010-10-20,0.040132
12,2010-10-21,0.040132
12,2010-10-22,0.040132
12,2010-10-25,0.040132
12,2010-10-26,0.040132
12,2010-10-27,0.040132
12,2010-10-28,0.040132
12,2010-10-29,0.040132
12,2010-11-01,0.040132
12,2010-11-03,0.040132
12,2010-11-04,0.040132
12,2010-11-05,0.040132
12,2010-11-08,0.040132
12,2010-11-09,0.040132
12,2010-11-10,0.040096
12,2010-11-11,0.040096
12,2010-11-12,0.040132
12,2010-11-16,0.040132
12,2010-11-17,0.040132
12,2010-11-18,0.040132
12,2010-11-19,0.040132
12,2010-11-22,0.040132
12,2010-11-23,0.040132
12,2010-11-24,0.040132
12,2010-11-25,0.040132
12,2010-11-26,0.040132
12,2010-11-29,0.040132
12,2010-11-30,0.040132
12,2010-12-01,0.040132
12,2010-12-02,0.040132
12,2010-12-03,0.040132
12,2010-12-06,0.040132
12,2010-12-07,0.040132
12,2010-12-08,0.040132
12,2010-12-09,0.040132
12,2010-12-10,0.040168
12,2010-12-13,0.040132
12,2010-12-14,0.040132
12,2010-12-15,0.040132
12,2010-12-16,0.040132
12,2010-12-17,0.040132
12,2010-12-20,0.040132
12,2010-12-21,0.040132
12,2010-12-22,0.040132
12,2010-12-23,0.040132
12,2010-12-24,0.040132
12,2010-12-27,0.040132
12,2010-12-28,0.040132
12,2010-12-29,0.040132
12,2010-12-30,0.040132
12,2010-12-31,0.040132
12,2011-01-03,0.040132
12,2011-01-04,0.040132
12,2011-01-05,0.040132
12,2011-01-06,0.040132
12,2011-01-07,0.040132
12,2011-01-10,0.040132
12,2011-01-11,0.040132
12,2011-01-12,0.040132
12,2011-01-13,0.040132
12,2011-01-14,0.040132
12,2011-01-17,0.040132
12,2011-01-18,0.040132
12,2011-01-19,0.040132
12,2011-01-20,0.041922
12,2011-01-21,0.041922
12,2011-01-24,0.041922
12,2011-01-25,0.041922
12,2011-01-26,0.041922
12,2011-01-27,0.041922
12,2011-01-28,0.041922
12,2011-01-31,0.041922
12,2011-02-01,0.041922
12,2011-02-02,0.041922
12,2011-02-03,0.041922
12,2011-02-04,0.041922
12,2011-02-07,0.041922
12,2011-02-08,0.041922
12,2011-02-09,0.041922
12,2011-02-10,0.041957
12,2011-02-11,0.041922
12,2011-02-14,0.041957
12,2011-02-15,0.041957
12,2011-02-16,0.041957
12,2011-02-17,0.041957
12,2011-02-18,0.041993
12,2011-02-21,0.041993
12,2011-02-22,0.041993
12,2011-02-23,0.041993
12,2011-02-24,0.041993
12,2011-02-25,0.041993
12,2011-02-28,0.041957
12,2011-03-01,0.041993
12,2011-03-02,0.041993
12,2011-03-03,0.043704
12,2011-03-04,0.043704
12,2011-03-09,0.043704
12,2011-03-10,0.043704
12,2011-03-11,0.043704
12,2011-03-14,0.043704
12,2011-03-15,0.043739
12,2011-03-16,0.043739
12,2011-03-17,0.043704
12,2011-03-18,0.043739
12,2011-03-21,0.043704
12,2011-03-22,0.043704
12,2011-03-23,0.043739
12,2011-03-24,0.043739
12,2011-03-25,0.043739
12,2011-03-28,0.043775
12,2011-03-29,0.043775
12,2011-03-30,0.043775
12,2011-03-31,0.043775
12,2011-04-01,0.043810
12,2011-04-04,0.043775
12,2011-04-05,0.043739
12,2011-04-06,0.043704
12,2011-04-07,0.043739
12,2011-04-08,0.043704
12,2011-04-11,0.043704
12,2011-04-12,0.043668
12,2011-04-13,0.043739
12,2011-04-14,0.043775
12,2011-04-15,0.043775
12,2011-04-18,0.043881
12,2011-04-19,0.043775
12,2011-04-20,0.043704
12,2011-04-25,0.044556
12,2011-04-26,0.044592
12,2011-04-27,0.044592
12,2011-04-28,0.044592
12,2011-04-29,0.044663
12,2011-05-02,0.044627
12,2011-05-03,0.044627
12,2011-05-04,0.044627
12,2011-05-05,0.044627
12,2011-05-06,0.044627
12,2011-05-09,0.044592
12,2011-05-10,0.044592
12,2011-05-11,0.044556
12,2011-05-12,0.044521
12,2011-05-13,0.044521
12,2011-05-16,0.044485
12,2011-05-17,0.044556
12,2011-05-18,0.044556
12,2011-05-19,0.044556
12,2011-05-20,0.044627
12,2011-05-23,0.044627
12,2011-05-24,0.044592
12,2011-05-25,0.044592
12,2011-05-26,0.044556
12,2011-05-27,0.044592
12,2011-05-30,0.044556
12,2011-05-31,0.044450
12,2011-06-01,0.044663
12,2011-06-02,0.044592
12,2011-06-03,0.044592
12,2011-06-06,0.044663
12,2011-06-07,0.044592
12,2011-06-08,0.044556
12,2011-06-09,0.045230
12,2011-06-10,0.045301
12,2011-06-13,0.045230
12,2011-06-14,0.045194
12,2011-06-15,0.045442
12,2011-06-16,0.045442
12,2011-06-17,0.045442
12,2011-06-20,0.045407
12,2011-06-21,0.045478
12,2011-06-22,0.045442
12,2011-06-24,0.045407
12,2011-06-27,0.045407
12,2011-06-28,0.045372
12,2011-06-29,0.045407
12,2011-06-30,0.045513
12,2011-07-01,0.045513
12,2011-07-04,0.045513
12,2011-07-05,0.045549
12,2011-07-06,0.045513
12,2011-07-07,0.045513
12,2011-07-08,0.045513
12,2011-07-11,0.045513
12,2011-07-12,0.045513
12,2011-07-13,0.045549
12,2011-07-14,0.045549
12,2011-07-15,0.045549
12,2011-07-18,0.045549
12,2011-07-19,0.045513
12,2011-07-20,0.045513
12,2011-07-21,0.046397
12,2011-07-22,0.046397
12,2011-07-25,0.046432
12,2011-07-26,0.046397
12,2011-07-27,0.046397
12,2011-07-28,0.046397
12,2011-07-29,0.046397
12,2011-08-01,0.046432
12,2011-08-02,0.046397
12,2011-08-03,0.046397
12,2011-08-04,0.046397
12,2011-08-05,0.046397
12,2011-08-08,0.046397
12,2011-08-09,0.046397
12,2011-08-10,0.046397
12,2011-08-11,0.046397
12,2011-08-12,0.046397
12,2011-08-15,0.046397
12,2011-08-16,0.046397
12,2011-08-17,0.046397
12,2011-08-18,0.046362
12,2011-08-19,0.046397
12,2011-08-22,0.046362
12,2011-08-23,0.046397
12,2011-08-24,0.046397
12,2011-08-25,0.046362
12,2011-08-26,0.046362
12,2011-08-29,0.046362
12,2011-08-30,0.046362
12,2011-08-31,0.046362
12,2011-09-01,0.044556
12,2011-09-02,0.044556
12,2011-09-05,0.044556
12,2011-09-06,0.044556
12,2011-09-08,0.044556
12,2011-09-09,0.044556
12,2011-09-12,0.044556
12,2011-09-13,0.044556
12,2011-09-14,0.044556
12,2011-09-15,0.044556
12,2011-09-16,0.044556
12,2011-09-19,0.044521
12,2011-09-20,0.044521
12,2011-09-21,0.044556
12,2011-09-22,0.044556
12,2011-09-23,0.044556
12,2011-09-26,0.044556
12,2011-09-27,0.044556
12,2011-09-28,0.044556
12,2011-09-29,0.044556
12,2011-09-30,0.044556
12,2011-10-03,0.044592
12,2011-10-04,0.044556
12,2011-10-05,0.044556
12,2011-10-06,0.044556
12,2011-10-07,0.044556
12,2011-10-10,0.044556
12,2011-10-11,0.044556
12,2011-10-13,0.044521
12,2011-10-14,0.044521
12,2011-10-17,0.044521
12,2011-10-18,0.044521
12,2011-10-19,0.044556
12,2011-10-20,0.042814
12,2011-10-21,0.042814
12,2011-10-24,0.042814
12,2011-10-25,0.042814
12,2011-10-26,0.042814
12,2011-10-27,0.042814
12,2011-10-28,0.042814
12,2011-10-31,0.042814
12,2011-11-01,0.042814
12,2011-11-03,0.042849
12,2011-11-04,0.042814
12,2011-11-07,0.042921
12,2011-11-08,0.042814
12,2011-11-09,0.042778
12,2011-11-10,0.042742
12,2011-11-11,0.042742
12,2011-11-14,0.042671
12,2011-11-16,0.042707
12,2011-11-17,0.042707
12,2011-11-18,0.042742
12,2011-11-21,0.042778
12,2011-11-22,0.042778
12,2011-11-23,0.042778
12,2011-11-24,0.042778
12,2011-11-25,0.042707
12,2011-11-28,0.042671
12,2011-11-29,0.042635
12,2011-11-30,0.042707
12,2011-12-01,0.040956
12,2011-12-02,0.040992
12,2011-12-05,0.041028
12,2011-12-06,0.040992
12,2011-12-07,0.040956
12,2011-12-08,0.040884
12,2011-12-09,0.040813
12,2011-12-12,0.040777
12,2011-12-13,0.040813
12,2011-12-14,0.040920
12,2011-12-15,0.040956
12,2011-12-16,0.040992
12,2011-12-19,0.041028
12,2011-12-20,0.041063
12,2011-12-21,0.041028
12,2011-12-22,0.040992
12,2011-12-23,0.040992
12,2011-12-26,0.040884
12,2011-12-27,0.040920
12,2011-12-28,0.040884
12,2011-12-29,0.040956
12,2011-12-30,0.040956
12,2012-01-02,0.041028
12,2012-01-03,0.040992
12,2012-01-04,0.040992
12,2012-01-05,0.040884
12,2012-01-06,0.040920
12,2012-01-09,0.040777
12,2012-01-10,0.040813
12,2012-01-11,0.040777
12,2012-01-12,0.040741
12,2012-01-13,0.040777
12,2012-01-16,0.040777
12,2012-01-17,0.040741
12,2012-01-18,0.040705
12,2012-01-19,0.038946
12,2012-01-20,0.038982
12,2012-01-23,0.038982
12,2012-01-24,0.039018
12,2012-01-25,0.039018
12,2012-01-26,0.038946
12,2012-01-27,0.038910
12,2012-01-30,0.038910
12,2012-01-31,0.038946
12,2012-02-01,0.038910
12,2012-02-02,0.038910
12,2012-02-03,0.038982
12,2012-02-06,0.038910
12,2012-02-07,0.038910
12,2012-02-08,0.038874
12,2012-02-09,0.038910
12,2012-02-10,0.038910
12,2012-02-13,0.038838
12,2012-02-14,0.038874
12,2012-02-15,0.038874
12,2012-02-16,0.038838
12,2012-02-17,0.038982
12,2012-02-22,0.038874
12,2012-02-23,0.038874
12,2012-02-24,0.038946
12,2012-02-27,0.038946
12,2012-02-28,0.038838
12,2012-02-29,0.038802
12,2012-03-01,0.038802
12,2012-03-02,0.038766
12,2012-03-05,0.038766
12,2012-03-06,0.038730
12,2012-03-07,0.038622
12,2012-03-08,0.036129
12,2012-03-09,0.036056
12,2012-03-12,0.035948
12,2012-03-13,0.035875
12,2012-03-14,0.035839
12,2012-03-15,0.035839
12,2012-03-16,0.035984
12,2012-03-19,0.035948
12,2012-03-20,0.035948
12,2012-03-21,0.035948
12,2012-03-22,0.035948
12,2012-03-23,0.036093
12,2012-03-26,0.035984
12,2012-03-27,0.035984
12,2012-03-28,0.035948
12,2012-03-29,0.035948
12,2012-03-30,0.036093
12,2012-04-02,0.036020
12,2012-04-03,0.036020
12,2012-04-04,0.036129
12,2012-04-05,0.036093
12,2012-04-09,0.036020
12,2012-04-10,0.036093
12,2012-04-11,0.035984
12,2012-04-12,0.035948
12,2012-04-13,0.035948
12,2012-04-16,0.035911
12,2012-04-17,0.035875
12,2012-04-18,0.035911
12,2012-04-19,0.033182
12,2012-04-20,0.033219
12,2012-04-23,0.033365
12,2012-04-24,0.033182
12,2012-04-25,0.033182
12,2012-04-26,0.033182
12,2012-04-27,0.033219
12,2012-04-30,0.033109
12,2012-05-02,0.033328
12,2012-05-03,0.033328
12,2012-05-04,0.033146
12,2012-05-07,0.033146
12,2012-05-08,0.033073
12,2012-05-09,0.033073
12,2012-05-10,0.033036
12,2012-05-11,0.033036
12,2012-05-14,0.032854
12,2012-05-15,0.033182
12,2012-05-16,0.033219
12,2012-05-17,0.033255
12,2012-05-18,0.033328
12,2012-05-21,0.033219
12,2012-05-22,0.033365
12,2012-05-23,0.033401
12,2012-05-24,0.033401
12,2012-05-25,0.033438
12,2012-05-28,0.033401
12,2012-05-29,0.033438
12,2012-05-30,0.033511
12,2012-05-31,0.031756
12,2012-06-01,0.031792
12,2012-06-04,0.031829
12,2012-06-05,0.031866
12,2012-06-06,0.031719
12,2012-06-08,0.031866
12,2012-06-11,0.031719
12,2012-06-12,0.031792
12,2012-06-13,0.031829
12,2012-06-14,0.031792
12,2012-06-15,0.031719
12,2012-06-18,0.031829
12,2012-06-19,0.031719
12,2012-06-20,0.031902
12,2012-06-21,0.031939
12,2012-06-22,0.031866
12,2012-06-25,0.031939
12,2012-06-26,0.031829
12,2012-06-27,0.031902
12,2012-06-28,0.031866
12,2012-06-29,0.031939
12,2012-07-02,0.031866
12,2012-07-03,0.031866
12,2012-07-04,0.031902
12,2012-07-05,0.031866
12,2012-07-06,0.031792
12,2012-07-09,0.031866
12,2012-07-10,0.031719
12,2012-07-11,0.031646
12,2012-07-12,0.029993
12,2012-07-13,0.029919
12,2012-07-16,0.029993
12,2012-07-17,0.029883
12,2012-07-18,0.029809
12,2012-07-19,0.029919
12,2012-07-20,0.029956
12,2012-07-23,0.029956
12,2012-07-24,0.029883
12,2012-07-25,0.029956
12,2012-07-26,0.029846
12,2012-07-27,0.029772
12,2012-07-30,0.029919
12,2012-07-31,0.029919
12,2012-08-01,0.029919
12,2012-08-02,0.029883
12,2012-08-03,0.029919
12,2012-08-06,0.029883
12,2012-08-07,0.029883
12,2012-08-08,0.029883
12,2012-08-09,0.029883
12,2012-08-10,0.029883
12,2012-08-13,0.029809
12,2012-08-14,0.029919
12,2012-08-15,0.029919
12,2012-08-16,0.029883
12,2012-08-17,0.029956
12,2012-08-20,0.029993
12,2012-08-21,0.029883
12,2012-08-22,0.029846
12,2012-08-23,0.029846
12,2012-08-24,0.029883
12,2012-08-27,0.029919
12,2012-08-28,0.029919
12,2012-08-29,0.029883
12,2012-08-30,0.028259
12,2012-08-31,0.028259
12,2012-09-03,0.028370
12,2012-09-04,0.028296
12,2012-09-05,0.028296
12,2012-09-06,0.028296
12,2012-09-10,0.028259
12,2012-09-11,0.028222
12,2012-09-12,0.028186
12,2012-09-13,0.028186
12,2012-09-14,0.028149
12,2012-09-17,0.028112
12,2012-09-18,0.028075
12,2012-09-19,0.028075
12,2012-09-20,0.028149
12,2012-09-21,0.028149
12,2012-09-24,0.028149
12,2012-09-25,0.028259
12,2012-09-26,0.028222
12,2012-09-27,0.028186
12,2012-09-28,0.028186
12,2012-10-01,0.028186
12,2012-10-02,0.028149
12,2012-10-03,0.028186
12,2012-10-04,0.028186
12,2012-10-05,0.028186
12,2012-10-08,0.028186
12,2012-10-09,0.028149
12,2012-10-10,0.028075
12,2012-10-11,0.027001
12,2012-10-15,0.027001
12,2012-10-16,0.027038
12,2012-10-17,0.027075
12,2012-10-18,0.027149
12,2012-10-19,0.027149
12,2012-10-22,0.027297
12,2012-10-23,0.027297
12,2012-10-24,0.027334
12,2012-10-25,0.027260
12,2012-10-26,0.027186
12,2012-10-29,0.027149
12,2012-10-30,0.027112
12,2012-10-31,0.027186
12,2012-11-01,0.027260
12,2012-11-05,0.027297
12,2012-11-06,0.027297
12,2012-11-07,0.027334
12,2012-11-08,0.027186
12,2012-11-09,0.027186
12,2012-11-12,0.027112
12,2012-11-13,0.027075
12,2012-11-14,0.027075
12,2012-11-16,0.027038
12,2012-11-19,0.026964
12,2012-11-20,0.026889
12,2012-11-21,0.026815
12,2012-11-22,0.027186
12,2012-11-23,0.027297
12,2012-11-26,0.027334
12,2012-11-27,0.027297
12,2012-11-28,0.027260
12,2012-11-29,0.027112
12,2012-11-30,0.027075
12,2012-12-03,0.027112
12,2012-12-04,0.027112
12,2012-12-05,0.027075
12,2012-12-06,0.027038
12,2012-12-07,0.027001
12,2012-12-10,0.026889
12,2012-12-11,0.026741
12,2012-12-12,0.026741
12,2012-12-13,0.026667
12,2012-12-14,0.026481
12,2012-12-17,0.026444
12,2012-12-18,0.026370
12,2012-12-19,0.026258
12,2012-12-20,0.026295
12,2012-12-21,0.026370
12,2012-12-24,0.026370
12,2012-12-26,0.026481
12,2012-12-27,0.026481
12,2012-12-28,0.026481
12,2012-12-31,0.026481
12,2013-01-02,0.026555
12,2013-01-03,0.026555
12,2013-01-04,0.026593
12,2013-01-07,0.026555
12,2013-01-08,0.026518
12,2013-01-09,0.026481
12,2013-01-10,0.026518
12,2013-01-11,0.026555
12,2013-01-14,0.026593
12,2013-01-15,0.026630
12,2013-01-16,0.026630
12,2013-01-17,0.026630
12,2013-01-18,0.026555
12,2013-01-21,0.026593
12,2013-01-22,0.026593
12,2013-01-23,0.026593
12,2013-01-24,0.026593
12,2013-01-25,0.026630
12,2013-01-28,0.026630
12,2013-01-29,0.026667
12,2013-01-30,0.026667
12,2013-01-31,0.026667
12,2013-02-01,0.026667
12,2013-02-04,0.026704
12,2013-02-05,0.026704
12,2013-02-06,0.026704
12,2013-02-07,0.026667
12,2013-02-08,0.026667
12,2013-02-13,0.026667
12,2013-02-14,0.026630
12,2013-02-15,0.026630
12,2013-02-18,0.026630
12,2013-02-19,0.026593
12,2013-02-20,0.026667
12,2013-02-21,0.026667
12,2013-02-22,0.026704
12,2013-02-25,0.026852
12,2013-02-26,0.026778
12,2013-02-27,0.026778
12,2013-02-28,0.026778
12,2013-03-01,0.026778
12,2013-03-04,0.026815
12,2013-03-05,0.026815
12,2013-03-06,0.026815
12,2013-03-07,0.026815
12,2013-03-08,0.026815
12,2013-03-11,0.026815
12,2013-03-12,0.026815
12,2013-03-13,0.026815
12,2013-03-14,0.026815
12,2013-03-15,0.026815
12,2013-03-18,0.026815
12,2013-03-19,0.026815
12,2013-03-20,0.026815
12,2013-03-21,0.026815
12,2013-03-22,0.026815
12,2013-03-25,0.026815
12,2013-03-26,0.026815
12,2013-03-27,0.026815
12,2013-03-28,0.026889
12,2013-04-01,0.026926
12,2013-04-02,0.026926
12,2013-04-03,0.026889
12,2013-04-04,0.026889
12,2013-04-05,0.026889
12,2013-04-08,0.026889
12,2013-04-09,0.026889
12,2013-04-10,0.026889
12,2013-04-11,0.026889
12,2013-04-12,0.026889
12,2013-04-15,0.026889
12,2013-04-16,0.026852
12,2013-04-17,0.026852
12,2013-04-18,0.027742
12,2013-04-19,0.027742
12,2013-04-22,0.027742
12,2013-04-23,0.027742
12,2013-04-24,0.027742
12,2013-04-25,0.027742
12,2013-04-26,0.027705
12,2013-04-29,0.027705
12,2013-04-30,0.027705
12,2013-05-02,0.027705
12,2013-05-03,0.027705
12,2013-05-06,0.027742
12,2013-05-07,0.027742
12,2013-05-08,0.027705
12,2013-05-09,0.027742
12,2013-05-10,0.027705
12,2013-05-13,0.027668
12,2013-05-14,0.027668
12,2013-05-15,0.027668
12,2013-05-16,0.027668
12,2013-05-17,0.027668
12,2013-05-20,0.027668
12,2013-05-21,0.027668
12,2013-05-22,0.027668
12,2013-05-23,0.027668
12,2013-05-24,0.027668
12,2013-05-27,0.027668
12,2013-05-28,0.027668
12,2013-05-29,0.027668
12,2013-05-31,0.029514
12,2013-06-03,0.029514
12,2013-06-04,0.029514
12,2013-06-05,0.029514
12,2013-06-06,0.029514
12,2013-06-07,0.029514
12,2013-06-10,0.029514
12,2013-06-11,0.029514
12,2013-06-12,0.029514
12,2013-06-13,0.029514
12,2013-06-14,0.029514
12,2013-06-17,0.029514
12,2013-06-18,0.029514
12,2013-06-19,0.029514
12,2013-06-20,0.029514
12,2013-06-21,0.029514
12,2013-06-24,0.029514
12,2013-06-25,0.029514
12,2013-06-26,0.029514
12,2013-06-27,0.029514
12,2013-06-28,0.029514
12,2013-07-01,0.029514
12,2013-07-02,0.029514
12,2013-07-03,0.029514
12,2013-07-04,0.029514
12,2013-07-05,0.029514
12,2013-07-08,0.029514
12,2013-07-09,0.029514
12,2013-07-10,0.029514
12,2013-07-11,0.031353
12,2013-07-12,0.031353
12,2013-07-15,0.031353
12,2013-07-16,0.031353
12,2013-07-17,0.031353
12,2013-07-18,0.031353
12,2013-07-19,0.031353
12,2013-07-22,0.031353
12,2013-07-23,0.031353
12,2013-07-24,0.031353
12,2013-07-25,0.031353
12,2013-07-26,0.031353
12,2013-07-29,0.031353
12,2013-07-30,0.031353
12,2013-07-31,0.031353
12,2013-08-01,0.031389
12,2013-08-02,0.031389
12,2013-08-05,0.031353
12,2013-08-06,0.031353
12,2013-08-07,0.031353
12,2013-08-08,0.031353
12,2013-08-09,0.031353
12,2013-08-12,0.031353
12,2013-08-13,0.031353
12,2013-08-14,0.031353
12,2013-08-15,0.031353
12,2013-08-16,0.031353
12,2013-08-19,0.031353
12,2013-08-20,0.031353
12,2013-08-21,0.031353
12,2013-08-22,0.031353
12,2013-08-23,0.031353
12,2013-08-26,0.031353
12,2013-08-27,0.031353
12,2013-08-28,0.031353
12,2013-08-29,0.033182
12,2013-08-30,0.033182
12,2013-09-02,0.033182
12,2013-09-03,0.033182
12,2013-09-04,0.033182
12,2013-09-05,0.033182
12,2013-09-06,0.033182
12,2013-09-09,0.033182
12,2013-09-10,0.033182
12,2013-09-11,0.033182
12,2013-09-12,0.033182
12,2013-09-13,0.033182
12,2013-09-16,0.033182
12,2013-09-17,0.033182
12,2013-09-18,0.033182
12,2013-09-19,0.033146
12,2013-09-20,0.033109
12,2013-09-23,0.033109
12,2013-09-24,0.033109
12,2013-09-25,0.033511
12,2013-09-26,0.033182
12,2013-09-27,0.033146
12,2013-09-30,0.033146
12,2013-10-01,0.033146
12,2013-10-02,0.033109
12,2013-10-03,0.033109
12,2013-10-04,0.033584
12,2013-10-07,0.033511
12,2013-10-08,0.033511
12,2013-10-09,0.033657
12,2013-10-10,0.035512
12,2013-10-11,0.035367
12,2013-10-14,0.035476
12,2013-10-15,0.035476
12,2013-10-16,0.035476
12,2013-10-17,0.035476
12,2013-10-18,0.035367
12,2013-10-21,0.035476
12,2013-10-22,0.035476
12,2013-10-23,0.035367
12,2013-10-24,0.035367
12,2013-10-25,0.035367
12,2013-10-28,0.035367
12,2013-10-29,0.035367
12,2013-10-30,0.035367
12,2013-10-31,0.035367
12,2013-11-01,0.035367
12,2013-11-04,0.035222
12,2013-11-05,0.035222
12,2013-11-06,0.035222
12,2013-11-07,0.035222
12,2013-11-08,0.035222
12,2013-11-11,0.035222
12,2013-11-12,0.035222
12,2013-11-13,0.035222
12,2013-11-14,0.035222
12,2013-11-18,0.035222
12,2013-11-19,0.035222
12,2013-11-20,0.035222
12,2013-11-21,0.035222
12,2013-11-22,0.035222
12,2013-11-25,0.035222
12,2013-11-26,0.035222
12,2013-11-27,0.035222
12,2013-11-28,0.036998
12,2013-11-29,0.036998
12,2013-12-02,0.036998
12,2013-12-03,0.036998
12,2013-12-04,0.036998
12,2013-12-05,0.036998
12,2013-12-06,0.036962
12,2013-12-09,0.037287
12,2013-12-10,0.036998
12,2013-12-11,0.036998
12,2013-12-12,0.036998
12,2013-12-13,0.036998
12,2013-12-16,0.037287
12,2013-12-17,0.036998
12,2013-12-18,0.036998
12,2013-12-19,0.036998
12,2013-12-20,0.036998
12,2013-12-23,0.036998
12,2013-12-24,0.036998
12,2013-12-26,0.036998
12,2013-12-27,0.036998
12,2013-12-30,0.036998
12,2013-12-31,0.036998
12,2014-01-02,0.036998
12,2014-01-03,0.036998
12,2014-01-06,0.036998
12,2014-01-07,0.036998
12,2014-01-08,0.036998
12,2014-01-09,0.036998
12,2014-01-10,0.036998
12,2014-01-13,0.036998
12,2014-01-14,0.036998
12,2014-01-15,0.036998
12,2014-01-16,0.038802
12,2014-01-17,0.039054
12,2014-01-20,0.039090
12,2014-01-21,0.039090
12,2014-01-22,0.038802
12,2014-01-23,0.038802
12,2014-01-24,0.038802
12,2014-01-27,0.038802
12,2014-01-28,0.038802
12,2014-01-29,0.038802
12,2014-01-30,0.038802
12,2014-01-31,0.038802
12,2014-02-03,0.038802
12,2014-02-04,0.038874
12,2014-02-05,0.038874
12,2014-02-06,0.038874
12,2014-02-07,0.038874
12,2014-02-10,0.038874
12,2014-02-11,0.038874
12,2014-02-12,0.038874
12,2014-02-13,0.038874
12,2014-02-14,0.038874
12,2014-02-17,0.038874
12,2014-02-18,0.038874
12,2014-02-19,0.038874
12,2014-02-20,0.038874
12,2014-02-21,0.038874
12,2014-02-24,0.038874
12,2014-02-25,0.038874
12,2014-02-26,0.039090
12,2014-02-27,0.039952
12,2014-02-28,0.039952
12,2014-03-05,0.039809
12,2014-03-06,0.039809
12,2014-03-07,0.039809
12,2014-03-10,0.039809
12,2014-03-11,0.039809
12,2014-03-12,0.039809
12,2014-03-13,0.039809
12,2014-03-14,0.039809
12,2014-03-17,0.039809
12,2014-03-18,0.039809
12,2014-03-19,0.039952
12,2014-03-20,0.039952
12,2014-03-21,0.039952
12,2014-03-24,0.039952
12,2014-03-25,0.039952
12,2014-03-26,0.039952
12,2014-03-27,0.039809
12,2014-03-28,0.039809
12,2014-03-31,0.039809
12,2014-04-01,0.039809
12,2014-04-02,0.039809
12,2014-04-03,0.040705
12,2014-04-04,0.040705
12,2014-04-07,0.040705
12,2014-04-08,0.040705
12,2014-04-09,0.040705
12,2014-04-10,0.040705
12,2014-04-11,0.040705
12,2014-04-14,0.040705
12,2014-04-15,0.040705
12,2014-04-16,0.040705
12,2014-04-17,0.040705
12,2014-04-22,0.040705
12,2014-04-23,0.040705
12,2014-04-24,0.040705
12,2014-04-25,0.040705
12,2014-04-28,0.040705
12,2014-04-29,0.040705
12,2014-04-30,0.040705
12,2014-05-02,0.040705
12,2014-05-05,0.040705
12,2014-05-06,0.040705
12,2014-05-07,0.040705
12,2014-05-08,0.040705
12,2014-05-09,0.040705
12,2014-05-12,0.040705
12,2014-05-13,0.040705
12,2014-05-14,0.040705
12,2014-05-15,0.040705
12,2014-05-16,0.040705
12,2014-05-19,0.040705
12,2014-05-20,0.040705
12,2014-05-21,0.040705
12,2014-05-22,0.040705
12,2014-05-23,0.040705
12,2014-05-26,0.040705
12,2014-05-27,0.040705
12,2014-05-28,0.040705
12,2014-05-29,0.040705
12,2014-05-30,0.040705
12,2014-06-02,0.040705
12,2014-06-03,0.040705
12,2014-06-04,0.040705
12,2014-06-05,0.040705
12,2014-06-06,0.040705
12,2014-06-09,0.040849
12,2014-06-10,0.040705
12,2014-06-11,0.040705
12,2014-06-12,0.040705
12,2014-06-13,0.040705
12,2014-06-16,0.040705
12,2014-06-17,0.040705
12,2014-06-18,0.040705
12,2014-06-20,0.040705
12,2014-06-23,0.040705
12,2014-06-24,0.040705
12,2014-06-25,0.040705
12,2014-06-26,0.040705
12,2014-06-27,0.040705
12,2014-06-30,0.040705
12,2014-07-01,0.040705
12,2014-07-02,0.040705
12,2014-07-03,0.040705
12,2014-07-04,0.040705
12,2014-07-07,0.040705
12,2014-07-08,0.040705
12,2014-07-09,0.040705
12,2014-07-10,0.040705
12,2014-07-11,0.040705
12,2014-07-14,0.040705
12,2014-07-15,0.040705
12,2014-07-16,0.040705
12,2014-07-17,0.040705
12,2014-07-18,0.040705
12,2014-07-21,0.040705
12,2014-07-22,0.040705
12,2014-07-23,0.040705
12,2014-07-24,0.040705
12,2014-07-25,0.040705
12,2014-07-28,0.040705
12,2014-07-29,0.040705
12,2014-07-30,0.040705
12,2014-07-31,0.040705
12,2014-08-01,0.040705
12,2014-08-04,0.040741
12,2014-08-05,0.040741
12,2014-08-06,0.040741
12,2014-08-07,0.040741
12,2014-08-08,0.040741
12,2014-08-11,0.040741
12,2014-08-12,0.040741
12,2014-08-13,0.040741
12,2014-08-14,0.040741
12,2014-08-15,0.040777
12,2014-08-18,0.040741
12,2014-08-19,0.040741
12,2014-08-20,0.040849
12,2014-08-21,0.040777
12,2014-08-22,0.040741
12,2014-08-25,0.040849
12,2014-08-26,0.040849
12,2014-08-27,0.040741
12,2014-08-28,0.040849
12,2014-08-29,0.040741
12,2014-09-01,0.040741
12,2014-09-02,0.040741
12,2014-09-03,0.040741
12,2014-09-04,0.040741
12,2014-09-05,0.040741
12,2014-09-08,0.040741
12,2014-09-09,0.040741
12,2014-09-10,0.040849
12,2014-09-11,0.040741
12,2014-09-12,0.040741
12,2014-09-15,0.040741
12,2014-09-16,0.040741
12,2014-09-17,0.040741
12,2014-09-18,0.040741
12,2014-09-19,0.040741
12,2014-09-22,0.040741
12,2014-09-23,0.040849
12,2014-09-24,0.040849
12,2014-09-25,0.040849
12,2014-09-26,0.040741
12,2014-09-29,0.040741
12,2014-09-30,0.040741
12,2014-10-01,0.040741
12,2014-10-02,0.040741
12,2014-10-03,0.040741
12,2014-10-06,0.040741
12,2014-10-07,0.040849
12,2014-10-08,0.040849
12,2014-10-09,0.040849
12,2014-10-10,0.040849
12,2014-10-13,0.040741
12,2014-10-14,0.040849
12,2014-10-15,0.040741
12,2014-10-16,0.040849
12,2014-10-17,0.040849
12,2014-10-20,0.040849
12,2014-10-21,0.040849
12,2014-10-22,0.040849
12,2014-10-23,0.040849
12,2014-10-24,0.040849
12,2014-10-27,0.040849
12,2014-10-28,0.040849
12,2014-10-29,0.040849
12,2014-10-30,0.041743
12,2014-10-31,0.041636
12,2014-11-03,0.041636
12,2014-11-04,0.041636
12,2014-11-05,0.041743
12,2014-11-06,0.041743
12,2014-11-07,0.041743
12,2014-11-10,0.041743
12,2014-11-11,0.041743
12,2014-11-12,0.041743
12,2014-11-13,0.041743
12,2014-11-14,0.041743
12,2014-11-17,0.041743
12,2014-11-18,0.041743
12,2014-11-19,0.041743
12,2014-11-20,0.041743
12,2014-11-21,0.041743
12,2014-11-24,0.041743
12,2014-11-25,0.041743
12,2014-11-26,0.041743
12,2014-11-27,0.041743
12,2014-11-28,0.041636
12,2014-12-01,0.041636
12,2014-12-02,0.041636
12,2014-12-03,0.041743
12,2014-12-04,0.043526
12,2014-12-05,0.043526
12,2014-12-08,0.043526
12,2014-12-09,0.043455
12,2014-12-10,0.043455
12,2014-12-11,0.043526
12,2014-12-12,0.043526
12,2014-12-15,0.043526
12,2014-12-16,0.043526
12,2014-12-17,0.043526
12,2014-12-18,0.043526
12,2014-12-19,0.043526
12,2014-12-22,0.043526
12,2014-12-23,0.043455
12,2014-12-24,0.043455
12,2014-12-26,0.043455
12,2014-12-29,0.043526
12,2014-12-30,0.043455
12,2014-12-31,0.043455
12,2015-01-02,0.043455
12,2015-01-05,0.043455
12,2015-01-06,0.043455
12,2015-01-07,0.043455
12,2015-01-08,0.043455
12,2015-01-09,0.043455
12,2015-01-12,0.043455
12,2015-01-13,0.043455
12,2015-01-14,0.043455
12,2015-01-15,0.043455
12,2015-01-16,0.043455
12,2015-01-19,0.043455
12,2015-01-20,0.043455
12,2015-01-21,0.043455
12,2015-01-22,0.045301
12,2015-01-23,0.045265
12,2015-01-26,0.045265
12,2015-01-27,0.045265
12,2015-01-28,0.045265
12,2015-01-29,0.045265
12,2015-01-30,0.045265
12,2015-02-02,0.045265
12,2015-02-03,0.045301
12,2015-02-04,0.045301
12,2015-02-05,0.045301
12,2015-02-06,0.045301
12,2015-02-09,0.045301
12,2015-02-10,0.045301
12,2015-02-11,0.045301
12,2015-02-12,0.045301
12,2015-02-13,0.045301
12,2015-02-18,0.045301
12,2015-02-19,0.045301
12,2015-02-20,0.045301
12,2015-02-23,0.045301
12,2015-02-24,0.045301
12,2015-02-25,0.045301
12,2015-02-26,0.045301
12,2015-02-27,0.045301
12,2015-03-02,0.045301
12,2015-03-03,0.045301
12,2015-03-04,0.045301
12,2015-03-05,0.047103
12,2015-03-06,0.047103
12,2015-03-09,0.047103
12,2015-03-10,0.047103
12,2015-03-11,0.047103
12,2015-03-12,0.047103
12,2015-03-13,0.047103
12,2015-03-16,0.047103
12,2015-03-17,0.047103
12,2015-03-18,0.047103
12,2015-03-19,0.047103
12,2015-03-20,0.047103
12,2015-03-23,0.047138
12,2015-03-24,0.047138
12,2015-03-25,0.047138
12,2015-03-26,0.047138
12,2015-03-27,0.047138
12,2015-03-30,0.047103
12,2015-03-31,0.047103
12,2015-04-01,0.047103
12,2015-04-02,0.047103
12,2015-04-06,0.047103
12,2015-04-07,0.047103
12,2015-04-08,0.047103
12,2015-04-09,0.047103
12,2015-04-10,0.047103
12,2015-04-13,0.047103
12,2015-04-14,0.047103
12,2015-04-15,0.047103
12,2015-04-16,0.047103
12,2015-04-17,0.047103
12,2015-04-20,0.047103
12,2015-04-22,0.047103
12,2015-04-23,0.047103
12,2015-04-24,0.047103
12,2015-04-27,0.047138
12,2015-04-28,0.047173
12,2015-04-29,0.047173
12,2015-04-30,0.048897
12,2015-05-04,0.048897
12,2015-05-05,0.048967
12,2015-05-06,0.048967
12,2015-05-07,0.048967
12,2015-05-08,0.048967
12,2015-05-11,0.048967
12,2015-05-12,0.048967
12,2015-05-13,0.048967
12,2015-05-14,0.048967
12,2015-05-15,0.048967
12,2015-05-18,0.048967
12,2015-05-19,0.048967
12,2015-05-20,0.048967
12,2015-05-21,0.048967
12,2015-05-22,0.048967
12,2015-05-25,0.048967
12,2015-05-26,0.048967
12,2015-05-27,0.048967
12,2015-05-28,0.048967
12,2015-05-29,0.048967
12,2015-06-01,0.048967
12,2015-06-02,0.048967
12,2015-06-03,0.048967
12,2015-06-05,0.050753
12,2015-06-08,0.050753
12,2015-06-09,0.050753
12,2015-06-10,0.050753
12,2015-06-11,0.050753
12,2015-06-12,0.050753
12,2015-06-15,0.050753
12,2015-06-16,0.050753
12,2015-06-17,0.050753
12,2015-06-18,0.050753
12,2015-06-19,0.050753
12,2015-06-22,0.050753
12,2015-06-23,0.050753
12,2015-06-24,0.050753
12,2015-06-25,0.050753
12,2015-06-26,0.050753
12,2015-06-29,0.050753
12,2015-06-30,0.050753
12,2015-07-01,0.050753
12,2015-07-02,0.050753
12,2015-07-03,0.050753
12,2015-07-06,0.050753
12,2015-07-07,0.050753
12,2015-07-08,0.050753
12,2015-07-09,0.050753
12,2015-07-10,0.050753
12,2015-07-13,0.050753
12,2015-07-14,0.050753
12,2015-07-15,0.050753
12,2015-07-16,0.050753
12,2015-07-17,0.050753
12,2015-07-20,0.050753
12,2015-07-21,0.050753
12,2015-07-22,0.050753
12,2015-07-23,0.050753
12,2015-07-24,0.050753
12,2015-07-27,0.050753
12,2015-07-28,0.050753
12,2015-07-29,0.050753
12,2015-07-30,0.052461
12,2015-07-31,0.052461
12,2015-08-03,0.052461
12,2015-08-04,0.052461
12,2015-08-05,0.052461
12,2015-08-06,0.052461
12,2015-08-07,0.052461
12,2015-08-10,0.052461
12,2015-08-11,0.052461
12,2015-08-12,0.052461
12,2015-08-13,0.052461
12,2015-08-14,0.052461
12,2015-08-17,0.052461
12,2015-08-18,0.052461
12,2015-08-19,0.052461
12,2015-08-20,0.052461
12,2015-08-21,0.052461
12,2015-08-24,0.052461
12,2015-08-25,0.052461
12,2015-08-26,0.052461
12,2015-08-27,0.052461
12,2015-08-28,0.052461
12,2015-08-31,0.052461
12,2015-09-01,0.052461
12,2015-09-02,0.052461
12,2015-09-03,0.052461
12,2015-09-04,0.052461
12,2015-09-08,0.052461
12,2015-09-09,0.052461
12,2015-09-10,0.052461
12,2015-09-11,0.052461
12,2015-09-14,0.052461
12,2015-09-15,0.052461
12,2015-09-16,0.052461
12,2015-09-17,0.052461
12,2015-09-18,0.052461
12,2015-09-21,0.052461
12,2015-09-22,0.052461
12,2015-09-23,0.052461
12,2015-09-24,0.052461
12,2015-09-25,0.052461
12,2015-09-28,0.052461
12,2015-09-29,0.052461
12,2015-09-30,0.052461
12,2015-10-01,0.052461
12,2015-10-02,0.052461
12,2015-10-05,0.052461
12,2015-10-06,0.052461
12,2015-10-07,0.052461
12,2015-10-08,0.052461
12,2015-10-09,0.052461
12,2015-10-13,0.052461
12,2015-10-14,0.052461
12,2015-10-15,0.052461
12,2015-10-16,0.052461
12,2015-10-19,0.052461
12,2015-10-20,0.052461
12,2015-10-21,0.052461
12,2015-10-22,0.052496
12,2015-10-23,0.052496
12,2015-10-26,0.052496
12,2015-10-27,0.052496
12,2015-10-28,0.052496
12,2015-10-29,0.052496
12,2015-10-30,0.052496
12,2015-11-03,0.052496
12,2015-11-04,0.052496
12,2015-11-05,0.052496
12,2015-11-06,0.052496
12,2015-11-09,0.052496
12,2015-11-10,0.052496
12,2015-11-11,0.052496
12,2015-11-12,0.052496
12,2015-11-13,0.052496
12,2015-11-16,0.052496
12,2015-11-17,0.052496
12,2015-11-18,0.052496
12,2015-11-19,0.052496
12,2015-11-20,0.052496
12,2015-11-23,0.052496
12,2015-11-24,0.052496
12,2015-11-25,0.052496
12,2015-11-26,0.052496
12,2015-11-27,0.052496
12,2015-11-30,0.052496
12,2015-12-01,0.052496
12,2015-12-02,0.052496
12,2015-12-03,0.052496
12,2015-12-04,0.052496
12,2015-12-07,0.052496
12,2015-12-08,0.052496
12,2015-12-09,0.052496
12,2015-12-10,0.052496
12,2015-12-11,0.052496
12,2015-12-14,0.052496
12,2015-12-15,0.052496
12,2015-12-16,0.052496
12,2015-12-17,0.052496
12,2015-12-18,0.052496
12,2015-12-21,0.052496
12,2015-12-22,0.052496
12,2015-12-23,0.052496
12,2015-12-24,0.052496
12,2015-12-28,0.052496
12,2015-12-29,0.052496
12,2015-12-30,0.052496
12,2015-12-31,0.052496
12,2016-01-04,0.052496
12,2016-01-05,0.052496
12,2016-01-06,0.052496
12,2016-01-07,0.052496
12,2016-01-08,0.052496
12,2016-01-11,0.052496
12,2016-01-12,0.052496
12,2016-01-13,0.052496
12,2016-01-14,0.052496
12,2016-01-15,0.052496
12,2016-01-18,0.052496
12,2016-01-19,0.052496
12,2016-01-20,0.052496
12,2016-01-21,0.052461
12,2016-01-22,0.052461
12,2016-01-25,0.052461
12,2016-01-26,0.052461
12,2016-01-27,0.052461
12,2016-01-28,0.052461
12,2016-01-29,0.052461
12,2016-02-01,0.052461
12,2016-02-02,0.052461
12,2016-02-03,0.052461
12,2016-02-04,0.052461
12,2016-02-05,0.052461
12,2016-02-10,0.052461
12,2016-02-11,0.052461
12,2016-02-12,0.052461
12,2016-02-15,0.052461
12,2016-02-16,0.052461
12,2016-02-17,0.052461
12,2016-02-18,0.052461
12,2016-02-19,0.052461
12,2016-02-22,0.052461
12,2016-02-23,0.052461
12,2016-02-24,0.052461
12,2016-02-25,0.052461
12,2016-02-26,0.052461
12,2016-02-29,0.052461
12,2016-03-01,0.052461
12,2016-03-02,0.052461
12,2016-03-03,0.052461
12,2016-03-04,0.052461
12,2016-03-07,0.052461
12,2016-03-08,0.052461
12,2016-03-09,0.052461
12,2016-03-10,0.052461
12,2016-03-11,0.052461
12,2016-03-14,0.052461
12,2016-03-15,0.052461
12,2016-03-16,0.052461
12,2016-03-17,0.052461
12,2016-03-18,0.052461
12,2016-03-21,0.052461
12,2016-03-22,0.052461
12,2016-03-23,0.052461
12,2016-03-24,0.052461
12,2016-03-28,0.052461
12,2016-03-29,0.052461
12,2016-03-30,0.052461
12,2016-03-31,0.052461
12,2016-04-01,0.052461
12,2016-04-04,0.052461
12,2016-04-05,0.052461
12,2016-04-06,0.052461
12,2016-04-07,0.052461
12,2016-04-08,0.052461
12,2016-04-11,0.052461
12,2016-04-12,0.052461
12,2016-04-13,0.052461
12,2016-04-14,0.052461
12,2016-04-15,0.052461
12,2016-04-18,0.052461
12,2016-04-19,0.052461
12,2016-04-20,0.052461
12,2016-04-22,0.052461
12,2016-04-25,0.052461
12,2016-04-26,0.052461
12,2016-04-27,0.052461
12,2016-04-28,0.052461
12,2016-04-29,0.052461
12,2016-05-02,0.052461
12,2016-05-03,0.052461
12,2016-05-04,0.052461
12,2016-05-05,0.052461
12,2016-05-06,0.052461
12,2016-05-09,0.052461
12,2016-05-10,0.052461
12,2016-05-11,0.052461
12,2016-05-12,0.052461
12,2016-05-13,0.052461
12,2016-05-16,0.052461
12,2016-05-17,0.052461
12,2016-05-18,0.052461
12,2016-05-19,0.052461
12,2016-05-20,0.052461
12,2016-05-23,0.052461
12,2016-05-24,0.052461
12,2016-05-25,0.052461
12,2016-05-27,0.052461
12,2016-05-30,0.052461
12,2016-05-31,0.052461
12,2016-06-01,0.052461
12,2016-06-02,0.052461
12,2016-06-03,0.052461
12,2016-06-06,0.052461
12,2016-06-07,0.052461
12,2016-06-08,0.052461
12,2016-06-09,0.052461
12,2016-06-10,0.052461
12,2016-06-13,0.052461
12,2016-06-14,0.052461
12,2016-06-15,0.052461
12,2016-06-16,0.052461
12,2016-06-17,0.052461
12,2016-06-20,0.052461
12,2016-06-21,0.052461
12,2016-06-22,0.052461
12,2016-06-23,0.052461
12,2016-06-24,0.052461
12,2016-06-27,0.052461
12,2016-06-28,0.052461
12,2016-06-29,0.052461
12,2016-06-30,0.052461
12,2016-07-01,0.052461
12,2016-07-04,0.052461
12,2016-07-05,0.052461
12,2016-07-06,0.052461
12,2016-07-07,0.052461
12,2016-07-08,0.052461
12,2016-07-11,0.052461
12,2016-07-12,0.052461
12,2016-07-13,0.052461
12,2016-07-14,0.052461
12,2016-07-15,0.052461
12,2016-07-18,0.052461
12,2016-07-19,0.052461
12,2016-07-20,0.052461
12,2016-07-21,0.052461
12,2016-07-22,0.052461
12,2016-07-25,0.052461
12,2016-07-26,0.052461
12,2016-07-27,0.052461
12,2016-07-28,0.052461
12,2016-07-29,0.052461
12,2016-08-01,0.052461
12,2016-08-02,0.052461
12,2016-08-03,0.052461
12,2016-08-04,0.052461
12,2016-08-05,0.052461
12,2016-08-08,0.052461
12,2016-08-09,0.052461
12,2016-08-10,0.052461
12,2016-08-11,0.052461
12,2016-08-12,0.052461
12,2016-08-15,0.052461
12,2016-08-16,0.052461
12,2016-08-17,0.052461
12,2016-08-18,0.052461
12,2016-08-19,0.052461
12,2016-08-22,0.052461
12,2016-08-23,0.052461
12,2016-08-24,0.052461
12,2016-08-25,0.052461
12,2016-08-26,0.052461
12,2016-08-29,0.052461
12,2016-08-30,0.052461
12,2016-08-31,0.052461
12,2016-09-01,0.052461
12,2016-09-02,0.052461
12,2016-09-05,0.052461
12,2016-09-06,0.052461
12,2016-09-08,0.052461
12,2016-09-09,0.052461
12,2016-09-12,0.052461
12,2016-09-13,0.052461
12,2016-09-14,0.052461
12,2016-09-15,0.052461
12,2016-09-16,0.052461
12,2016-09-19,0.052461
12,2016-09-20,0.052461
12,2016-09-21,0.052461
12,2016-09-22,0.052461
12,2016-09-23,0.052461
12,2016-09-26,0.052461
12,2016-09-27,0.052461
12,2016-09-28,0.052461
12,2016-09-29,0.052461
12,2016-09-30,0.052461
12,2016-10-03,0.052461
12,2016-10-04,0.052461
12,2016-10-05,0.052461
12,2016-10-06,0.052461
12,2016-10-07,0.052461
12,2016-10-10,0.052461
12,2016-10-11,0.052461
12,2016-10-13,0.052461
12,2016-10-14,0.052461
12,2016-10-17,0.052461
12,2016-10-18,0.052461
12,2016-10-19,0.052461
12,2016-10-20,0.051591
12,2016-10-21,0.051591
12,2016-10-24,0.051591
12,2016-10-25,0.051591
12,2016-10-26,0.051591
12,2016-10-27,0.051591
12,2016-10-28,0.051591
12,2016-10-31,0.051591
12,2016-11-01,0.051591
12,2016-11-03,0.051591
12,2016-11-04,0.051591
12,2016-11-07,0.051591
12,2016-11-08,0.051591
12,2016-11-09,0.051591
12,2016-11-10,0.051591
12,2016-11-11,0.051591
12,2016-11-14,0.051591
12,2016-11-16,0.051591
12,2016-11-17,0.051591
12,2016-11-18,0.051591
12,2016-11-21,0.051591
12,2016-11-22,0.051591
12,2016-11-23,0.051591
12,2016-11-24,0.051591
12,2016-11-25,0.051591
12,2016-11-28,0.051591
12,2016-11-29,0.051591
12,2016-11-30,0.051591
12,2016-12-01,0.050718
12,2016-12-02,0.050718
12,2016-12-05,0.050718
12,2016-12-06,0.050718
12,2016-12-07,0.050718
12,2016-12-08,0.050718
12,2016-12-09,0.050718
12,2016-12-12,0.050718
12,2016-12-13,0.050718
12,2016-12-14,0.050718
12,2016-12-15,0.050718
12,2016-12-16,0.050718
12,2016-12-19,0.050718
12,2016-12-20,0.050718
12,2016-12-21,0.050718
12,2016-12-22,0.050718
12,2016-12-23,0.050718
12,2016-12-26,0.050718
12,2016-12-27,0.050718
12,2016-12-28,0.050718
12,2016-12-29,0.050718
12,2016-12-30,0.050718
12,2017-01-02,0.050718
12,2017-01-03,0.050718
12,2017-01-04,0.050718
12,2017-01-05,0.050718
12,2017-01-06,0.050718
12,2017-01-09,0.050718
12,2017-01-10,0.050718
12,2017-01-11,0.050718
12,2017-01-12,0.048089
12,2017-01-13,0.048089
12,2017-01-16,0.048089
12,2017-01-17,0.048089
12,2017-01-18,0.048089
12,2017-01-19,0.048089
12,2017-01-20,0.048089
12,2017-01-23,0.048089
12,2017-01-24,0.048089
12,2017-01-25,0.048089
12,2017-01-26,0.048089
12,2017-01-27,0.048089
12,2017-01-30,0.048089
12,2017-01-31,0.048089
12,2017-02-01,0.048089
12,2017-02-02,0.048089
12,2017-02-03,0.048089
12,2017-02-06,0.048089
12,2017-02-07,0.048089
12,2017-02-08,0.048089
12,2017-02-09,0.048089
12,2017-02-10,0.048089
12,2017-02-13,0.048089
12,2017-02-14,0.048089
12,2017-02-15,0.048089
12,2017-02-16,0.048089
12,2017-02-17,0.048089
12,2017-02-20,0.048089
12,2017-02-21,0.048089
12,2017-02-22,0.048089
12,2017-02-23,0.045442
12,2017-02-24,0.045442
12,2017-03-01,0.045442
12,2017-03-02,0.045442
12,2017-03-03,0.045442
12,2017-03-06,0.045442
12,2017-03-07,0.045442
12,2017-03-08,0.045442
12,2017-03-09,0.045442
12,2017-03-10,0.045442
12,2017-03-13,0.045442
12,2017-03-14,0.045442
12,2017-03-15,0.045442
12,2017-03-16,0.045442
12,2017-03-17,0.045442
12,2017-03-20,0.045442
12,2017-03-21,0.045442
12,2017-03-22,0.045442
12,2017-03-23,0.045442
12,2017-03-24,0.045442
12,2017-03-27,0.045442
12,2017-03-28,0.045442
12,2017-03-29,0.045442
12,2017-03-30,0.045442
12,2017-03-31,0.045442
12,2017-04-03,0.045442
12,2017-04-04,0.045442
12,2017-04-05,0.045442
12,2017-04-06,0.045442
12,2017-04-07,0.045442
12,2017-04-10,0.045442
12,2017-04-11,0.045442
12,2017-04-12,0.045442
12,2017-04-13,0.041886
12,2017-04-17,0.041886
12,2017-04-18,0.041886
12,2017-04-19,0.041886
12,2017-04-20,0.041886
12,2017-04-24,0.041886
12,2017-04-25,0.041886
12,2017-04-26,0.041886
12,2017-04-27,0.041886
12,2017-04-28,0.041886
12,2017-05-02,0.041886
12,2017-05-03,0.041886
12,2017-05-04,0.041886
12,2017-05-05,0.041886
12,2017-05-08,0.041886
12,2017-05-09,0.041886
12,2017-05-10,0.041886
12,2017-05-11,0.041886
12,2017-05-12,0.041886
12,2017-05-15,0.041886
12,2017-05-16,0.041886
12,2017-05-17,0.041886
12,2017-05-18,0.041886
12,2017-05-19,0.041886
12,2017-05-22,0.041886
12,2017-05-23,0.041886
12,2017-05-24,0.041886
12,2017-05-25,0.041886
12,2017-05-26,0.041886
12,2017-05-29,0.041886
12,2017-05-30,0.041886
12,2017-05-31,0.041886
12,2017-06-01,0.038334
12,2017-06-02,0.038334
12,2017-06-05,0.038334
12,2017-06-06,0.038334
12,2017-06-07,0.038334
12,2017-06-08,0.038334
12,2017-06-09,0.038334
12,2017-06-12,0.038334
12,2017-06-13,0.038334
12,2017-06-14,0.038334
12,2017-06-16,0.038334
12,2017-06-19,0.038334
12,2017-06-20,0.038334
12,2017-06-21,0.038334
12,2017-06-22,0.038334
12,2017-06-23,0.038334
12,2017-06-26,0.038334
12,2017-06-27,0.038334
12,2017-06-28,0.038334
12,2017-06-29,0.038334
12,2017-06-30,0.038334
12,2017-07-03,0.038334
12,2017-07-04,0.038334
12,2017-07-05,0.038334
12,2017-07-06,0.038334
12,2017-07-07,0.038334
12,2017-07-10,0.038334
12,2017-07-11,0.038334
12,2017-07-12,0.038334
12,2017-07-13,0.038334
12,2017-07-14,0.038334
12,2017-07-17,0.038334
12,2017-07-18,0.038334
12,2017-07-19,0.038334
12,2017-07-20,0.038334
12,2017-07-21,0.038334
12,2017-07-24,0.038334
12,2017-07-25,0.038334
12,2017-07-26,0.038334
12,2017-07-27,0.034713
12,2017-07-28,0.034713
12,2017-07-31,0.034713
12,2017-08-01,0.034713
12,2017-08-02,0.034713
12,2017-08-03,0.034713
12,2017-08-04,0.034713
12,2017-08-07,0.034713
12,2017-08-08,0.034713
12,2017-08-09,0.034713
12,2017-08-10,0.034713
12,2017-08-11,0.034713
12,2017-08-14,0.034713
12,2017-08-15,0.034713
12,2017-08-16,0.034713
12,2017-08-17,0.034713
12,2017-08-18,0.034713
12,2017-08-21,0.034713
12,2017-08-22,0.034713
12,2017-08-23,0.034713
12,2017-08-24,0.034713
12,2017-08-25,0.034713
12,2017-08-28,0.034713
12,2017-08-29,0.034713
12,2017-08-30,0.034713
12,2017-08-31,0.034713
12,2017-09-01,0.034713
12,2017-09-04,0.034713
12,2017-09-05,0.034713
12,2017-09-06,0.034713
12,2017-09-08,0.031059
12,2017-09-11,0.031059
12,2017-09-12,0.031059
12,2017-09-13,0.031059
12,2017-09-14,0.031059
12,2017-09-15,0.031059
12,2017-09-18,0.031059
12,2017-09-19,0.031059
12,2017-09-20,0.031059
12,2017-09-21,0.031059
12,2017-09-22,0.031059
12,2017-09-25,0.031059
12,2017-09-26,0.031059
12,2017-09-27,0.031059
12,2017-09-28,0.031059
12,2017-09-29,0.031059
12,2017-10-02,0.031059
12,2017-10-03,0.031059
12,2017-10-04,0.031059
12,2017-10-05,0.031059
12,2017-10-06,0.031059
12,2017-10-09,0.031059
12,2017-10-10,0.031059
12,2017-10-11,0.031059
12,2017-10-13,0.031059
12,2017-10-16,0.031059
12,2017-10-17,0.031059
12,2017-10-18,0.031059
12,2017-10-19,0.031059
12,2017-10-20,0.031059
12,2017-10-23,0.031059
12,2017-10-24,0.031059
12,2017-10-25,0.031059
12,2017-10-26,0.028296
12,2017-10-27,0.028296
12,2017-10-30,0.028296
12,2017-10-31,0.028296
12,2017-11-01,0.028296
12,2017-11-03,0.028296
12,2017-11-06,0.028296
12,2017-11-07,0.028296
12,2017-11-08,0.028296
12,2017-11-09,0.028296
12,2017-11-10,0.028296
12,2017-11-13,0.028296
12,2017-11-14,0.028296
12,2017-11-16,0.028296
12,2017-11-17,0.028296
12,2017-11-20,0.028296
12,2017-11-21,0.028296
12,2017-11-22,0.028296
12,2017-11-23,0.028296
12,2017-11-24,0.028296
12,2017-11-27,0.028296
12,2017-11-28,0.028296
12,2017-11-29,0.028296
12,2017-11-30,0.028296
12,2017-12-01,0.028296
12,2017-12-04,0.028296
12,2017-12-05,0.028296
12,2017-12-06,0.028296
12,2017-12-07,0.026444
12,2017-12-08,0.026444
12,2017-12-11,0.026444
12,2017-12-12,0.026444
12,2017-12-13,0.026444
12,2017-12-14,0.026444
12,2017-12-15,0.026444
12,2017-12-18,0.026444
12,2017-12-19,0.026444
12,2017-12-20,0.026444
12,2017-12-21,0.026444
12,2017-12-22,0.026444
12,2017-12-26,0.026444
12,2017-12-27,0.026444
12,2017-12-28,0.026444
12,2017-12-29,0.026444
12,2018-01-02,0.026444
12,2018-01-03,0.026444
12,2018-01-04,0.026444
12,2018-01-05,0.026444
12,2018-01-08,0.026444
12,2018-01-09,0.026444
12,2018-01-10,0.026444
12,2018-01-11,0.026444
12,2018-01-12,0.026444
12,2018-01-15,0.026444
12,2018-01-16,0.026444
12,2018-01-17,0.026444
12,2018-01-18,0.026444
12,2018-01-19,0.026444
12,2018-01-22,0.026444
12,2018-01-23,0.026444
12,2018-01-24,0.026444
12,2018-01-25,0.026444
12,2018-01-26,0.026444
12,2018-01-29,0.026444
12,2018-01-30,0.026444
12,2018-01-31,0.026444
12,2018-02-01,0.026444
12,2018-02-02,0.026444
12,2018-02-05,0.026444
12,2018-02-06,0.026444
12,2018-02-07,0.026444
12,2018-02-08,0.025515
12,2018-02-09,0.025515
12,2018-02-14,0.025515
12,2018-02-15,0.025515
12,2018-02-16,0.025515
12,2018-02-19,0.025515
12,2018-02-20,0.025515
12,2018-02-21,0.025515
12,2018-02-22,0.025515
12,2018-02-23,0.025515
12,2018-02-26,0.025515
12,2018-02-27,0.025515
12,2018-02-28,0.025515
12,2018-03-01,0.025515
12,2018-03-02,0.025515
12,2018-03-05,0.025515
12,2018-03-06,0.025515
12,2018-03-07,0.025515
12,2018-03-08,0.025515
12,2018-03-09,0.025515
12,2018-03-12,0.025515
12,2018-03-13,0.025515
12,2018-03-14,0.025515
12,2018-03-15,0.025515
12,2018-03-16,0.025515
12,2018-03-19,0.025515
12,2018-03-20,0.025515
12,2018-03-21,0.025515
12,2018-03-22,0.024583
12,2018-03-23,0.024583
12,2018-03-26,0.024583
12,2018-03-27,0.024583
12,2018-03-28,0.024583
12,2018-03-29,0.024583
12,2018-04-02,0.024583
12,2018-04-03,0.024583
12,2018-04-04,0.024583
12,2018-04-05,0.024583
12,2018-04-06,0.024583
12,2018-04-09,0.024583
12,2018-04-10,0.024583
12,2018-04-11,0.024583
12,2018-04-12,0.024583
12,2018-04-13,0.024583
12,2018-04-16,0.024583
12,2018-04-17,0.024583
12,2018-04-18,0.024583
12,2018-04-19,0.024583
12,2018-04-20,0.024583
12,2018-04-23,0.024583
12,2018-04-24,0.024583
12,2018-04-25,0.024583
12,2018-04-26,0.024583
12,2018-04-27,0.024583
12,2018-04-30,0.024583
12,2018-05-02,0.024583
12,2018-05-03,0.024583
12,2018-05-04,0.024583
12,2018-05-07,0.024583
12,2018-05-08,0.024583
12,2018-05-09,0.024583
12,2018-05-10,0.024583
12,2018-05-11,0.024583
12,2018-05-14,0.024583
12,2018-05-15,0.024583
12,2018-05-16,0.024583
12,2018-05-17,0.024583
12,2018-05-18,0.024583
12,2018-05-21,0.024583
12,2018-05-22,0.024583
12,2018-05-23,0.024583
12,2018-05-24,0.024583
12,2018-05-25,0.024583
12,2018-05-28,0.024583
12,2018-05-29,0.024583
12,2018-05-30,0.024583
12,2018-06-01,0.024583
12,2018-06-04,0.024583
12,2018-06-05,0.024583
12,2018-06-06,0.024583
12,2018-06-07,0.024583
12,2018-06-08,0.024583
12,2018-06-11,0.024583
12,2018-06-12,0.024583
12,2018-06-13,0.024583
12,2018-06-14,0.024583
12,2018-06-15,0.024583
12,2018-06-18,0.024583
12,2018-06-19,0.024583
12,2018-06-20,0.024583
12,2018-06-21,0.024583
12,2018-06-22,0.024583
12,2018-06-25,0.024583
12,2018-06-26,0.024583
12,2018-06-27,0.024583
12,2018-06-28,0.024583
12,2018-06-29,0.024583
12,2018-07-02,0.024583
12,2018-07-03,0.024583
12,2018-07-04,0.024583
12,2018-07-05,0.024583
12,2018-07-06,0.024583
12,2018-07-09,0.024583
12,2018-07-10,0.024583
12,2018-07-11,0.024583
12,2018-07-12,0.024583
12,2018-07-13,0.024583
12,2018-07-16,0.024583
12,2018-07-17,0.024583
12,2018-07-18,0.024583
12,2018-07-19,0.024583
12,2018-07-20,0.024583
12,2018-07-23,0.024583
12,2018-07-24,0.024583
12,2018-07-25,0.024583
12,2018-07-26,0.024583
12,2018-07-27,0.024583
12,2018-07-30,0.024583
12,2018-07-31,0.024583
12,2018-08-01,0.024583
12,2018-08-02,0.024583
12,2018-08-03,0.024583
12,2018-08-06,0.024583
12,2018-08-07,0.024583
12,2018-08-08,0.024583
12,2018-08-09,0.024583
12,2018-08-10,0.024583
12,2018-08-13,0.024583
12,2018-08-14,0.024583
12,2018-08-15,0.024583
12,2018-08-16,0.024583
12,2018-08-17,0.024583
12,2018-08-20,0.024583
12,2018-08-21,0.024583
12,2018-08-22,0.024583
12,2018-08-23,0.024583
12,2018-08-24,0.024583
12,2018-08-27,0.024583
12,2018-08-28,0.024583
12,2018-08-29,0.024583
12,2018-08-30,0.024583
12,2018-08-31,0.024583
12,2018-09-03,0.024583
12,2018-09-04,0.024583
12,2018-09-05,0.024583
12,2018-09-06,0.024583
12,2018-09-10,0.024583
12,2018-09-11,0.024583
12,2018-09-12,0.024583
12,2018-09-13,0.024583
12,2018-09-14,0.024583
12,2018-09-17,0.024583
12,2018-09-18,0.024583
12,2018-09-19,0.024583
12,2018-09-20,0.024583
12,2018-09-21,0.024583
12,2018-09-24,0.024583
12,2018-09-25,0.024583
12,2018-09-26,0.024583
12,2018-09-27,0.024583
12,2018-09-28,0.024583
12,2018-10-01,0.024620
12,2018-10-02,0.024620
12,2018-10-03,0.024620
12,2018-10-04,0.024620
12,2018-10-05,0.024620
12,2018-10-08,0.024620
12,2018-10-09,0.024620
12,2018-10-10,0.024620
12,2018-10-11,0.024620
12,2018-10-15,0.024620
12,2018-10-16,0.024620
12,2018-10-17,0.024620
12,2018-10-18,0.024620
12,2018-10-19,0.024620
12,2018-10-22,0.024620
12,2018-10-23,0.024620
12,2018-10-24,0.024620
12,2018-10-25,0.024620
12,2018-10-26,0.024620
12,2018-10-29,0.024620
12,2018-10-30,0.024620
12,2018-10-31,0.024620
12,2018-11-01,0.024620
12,2018-11-05,0.024620
12,2018-11-06,0.024620
12,2018-11-07,0.024620
12,2018-11-08,0.024620
12,2018-11-09,0.024620
12,2018-11-12,0.024620
12,2018-11-13,0.024620
12,2018-11-14,0.024620
12,2018-11-16,0.024620
12,2018-11-19,0.024620
12,2018-11-20,0.024620
12,2018-11-21,0.024620
12,2018-11-22,0.024620
12,2018-11-23,0.024620
12,2018-11-26,0.024620
12,2018-11-27,0.024620
12,2018-11-28,0.024620
12,2018-11-29,0.024620
12,2018-11-30,0.024620
12,2018-12-03,0.024620
12,2018-12-04,0.024620
12,2018-12-05,0.024620
12,2018-12-06,0.024620
12,2018-12-07,0.024620
12,2018-12-10,0.024620
12,2018-12-11,0.024620
12,2018-12-12,0.024620
12,2018-12-13,0.024620
12,2018-12-14,0.024620
12,2018-12-17,0.024620
12,2018-12-18,0.024620
12,2018-12-19,0.024620
12,2018-12-20,0.024620
12,2018-12-21,0.024620
12,2018-12-24,0.024620
12,2018-12-26,0.024620
12,2018-12-27,0.024620
12,2018-12-28,0.024620
12,2018-12-31,0.024620
12,2019-01-02,0.024620
12,2019-01-03,0.024620
12,2019-01-04,0.024620
12,2019-01-07,0.024620
12,2019-01-08,0.024620
12,2019-01-09,0.024620
12,2019-01-10,0.024620
12,2019-01-11,0.024620
12,2019-01-14,0.024620
12,2019-01-15,0.024620
12,2019-01-16,0.024620
12,2019-01-17,0.024620
12,2019-01-18,0.024620
12,2019-01-21,0.024620
12,2019-01-22,0.024620
12,2019-01-23,0.024620
12,2019-01-24,0.024620
12,2019-01-25,0.024620
12,2019-01-28,0.024620
12,2019-01-29,0.024620
12,2019-01-30,0.024620
12,2019-01-31,0.024620
12,2019-02-01,0.024620
12,2019-02-04,0.024620
12,2019-02-05,0.024620
12,2019-02-06,0.024620
12,2019-02-07,0.024620
12,2019-02-08,0.024620
12,2019-02-11,0.024620
12,2019-02-12,0.024620
12,2019-02-13,0.024620
12,2019-02-14,0.024620
12,2019-02-15,0.024620
12,2019-02-18,0.024620
12,2019-02-19,0.024620
12,2019-02-20,0.024620
12,2019-02-21,0.024620
12,2019-02-22,0.024620
12,2019-02-25,0.024620
12,2019-02-26,0.024620
12,2019-02-27,0.024620
12,2019-02-28,0.024620
12,2019-03-01,0.024620
12,2019-03-06,0.024620
12,2019-03-07,0.024620
12,2019-03-08,0.024620
12,2019-03-11,0.024620
12,2019-03-12,0.024620
12,2019-03-13,0.024620
12,2019-03-14,0.024620
12,2019-03-15,0.024620
12,2019-03-18,0.024620
12,2019-03-19,0.024620
12,2019-03-20,0.024620
12,2019-03-21,0.024620
12,2019-03-22,0.024620
12,2019-03-25,0.024620
12,2019-03-26,0.024620
12,2019-03-27,0.024620
12,2019-03-28,0.024620
12,2019-03-29,0.024620
12,2019-04-01,0.024620
12,2019-04-02,0.024620
12,2019-04-03,0.024620
12,2019-04-04,0.024620
12,2019-04-05,0.024620
12,2019-04-08,0.024620
12,2019-04-09,0.024620
12,2019-04-10,0.024620
12,2019-04-11,0.024620
12,2019-04-12,0.024620
12,2019-04-15,0.024620
12,2019-04-16,0.024620
12,2019-04-17,0.024620
12,2019-04-18,0.024620
12,2019-04-22,0.024620
12,2019-04-23,0.024620
12,2019-04-24,0.024620
12,2019-04-25,0.024620
12,2019-04-26,0.024620
12,2019-04-29,0.024620
12,2019-04-30,0.024620
12,2019-05-02,0.024620
12,2019-05-03,0.024620
12,2019-05-06,0.024620
12,2019-05-07,0.024620
12,2019-05-08,0.024620
12,2019-05-09,0.024620
12,2019-05-10,0.024620
12,2019-05-13,0.024620
12,2019-05-14,0.024620
12,2019-05-15,0.024620
12,2019-05-16,0.024620
12,2019-05-17,0.024620
12,2019-05-20,0.024620
12,2019-05-21,0.024620
12,2019-05-22,0.024620
12,2019-05-23,0.024620
12,2019-05-24,0.024620
12,2019-05-27,0.024620
12,2019-05-28,0.024620
12,2019-05-29,0.024620
12,2019-05-30,0.024620
12,2019-05-31,0.024620
12,2019-06-03,0.024620
12,2019-06-04,0.024620
12,2019-06-05,0.024620
12,2019-06-06,0.024620
12,2019-06-07,0.024620
12,2019-06-10,0.024620
12,2019-06-11,0.024620
12,2019-06-12,0.024620
12,2019-06-13,0.024620
12,2019-06-14,0.024620
12,2019-06-17,0.024620
12,2019-06-18,0.024620
12,2019-06-19,0.024620
12,2019-06-21,0.024620
12,2019-06-24,0.024620
12,2019-06-25,0.024620
12,2019-06-26,0.024620
12,2019-06-27,0.024620
12,2019-06-28,0.024620
12,2019-07-01,0.024620
12,2019-07-02,0.024620
12,2019-07-03,0.024620
12,2019-07-04,0.024620
12,2019-07-05,0.024620
12,2019-07-08,0.024620
12,2019-07-09,0.024620
12,2019-07-10,0.024620
12,2019-07-11,0.024620
12,2019-07-12,0.024620
12,2019-07-15,0.024620
12,2019-07-16,0.024620
12,2019-07-17,0.024620
12,2019-07-18,0.024620
12,2019-07-19,0.024620
12,2019-07-22,0.024620
12,2019-07-23,0.024620
12,2019-07-24,0.024620
12,2019-07-25,0.024620
12,2019-07-26,0.024620
12,2019-07-29,0.024620
12,2019-07-30,0.024620
12,2019-07-31,0.024620
12,2019-08-01,0.022751
12,2019-08-02,0.022751
12,2019-08-05,0.022751
12,2019-08-06,0.022751
12,2019-08-07,0.022751
12,2019-08-08,0.022751
12,2019-08-09,0.022751
12,2019-08-12,0.022751
12,2019-08-13,0.022751
12,2019-08-14,0.022751
12,2019-08-15,0.022751
12,2019-08-16,0.022751
12,2019-08-19,0.022751
12,2019-08-20,0.022751
12,2019-08-21,0.022751
12,2019-08-22,0.022751
12,2019-08-23,0.022751
12,2019-08-26,0.022751
12,2019-08-27,0.022751
12,2019-08-28,0.022751
12,2019-08-29,0.022751
12,2019-08-30,0.022751
12,2019-09-02,0.022751
12,2019-09-03,0.022751
12,2019-09-04,0.022751
12,2019-09-05,0.022751
12,2019-09-06,0.022751
12,2019-09-09,0.022751
12,2019-09-10,0.022751
12,2019-09-11,0.022751
12,2019-09-12,0.022751
12,2019-09-13,0.022751
12,2019-09-16,0.022751
12,2019-09-17,0.022751
12,2019-09-18,0.022751
12,2019-09-19,0.020872
12,2019-09-20,0.020872
12,2019-09-23,0.020872
12,2019-09-24,0.020872
12,2019-09-25,0.020872
12,2019-09-26,0.020872
12,2019-09-27,0.020872
12,2019-09-30,0.020872
12,2019-10-01,0.020872
12,2019-10-02,0.020872
12,2019-10-03,0.020872
12,2019-10-04,0.020872
12,2019-10-07,0.020872
12,2019-10-08,0.020872
12,2019-10-09,0.020872
12,2019-10-10,0.020872
12,2019-10-11,0.020872
12,2019-10-14,0.020872
12,2019-10-15,0.020872
12,2019-10-16,0.020872
12,2019-10-17,0.020872
12,2019-10-18,0.020872
12,2019-10-21,0.020872
12,2019-10-22,0.020872
12,2019-10-23,0.020872
12,2019-10-24,0.020872
12,2019-10-25,0.020872
12,2019-10-28,0.020872
12,2019-10-29,0.020872
12,2019-10-30,0.020872
12,2019-10-31,0.018985
12,2019-11-01,0.018985
12,2019-11-04,0.018985
12,2019-11-05,0.018985
12,2019-11-06,0.018985
12,2019-11-07,0.018985
12,2019-11-08,0.018985
12,2019-11-11,0.018985
12,2019-11-12,0.018985
12,2019-11-13,0.018985
12,2019-11-14,0.018985
12,2019-11-18,0.018985
12,2019-11-19,0.018985
12,2019-11-20,0.018985
12,2019-11-21,0.018985
12,2019-11-22,0.018985
12,2019-11-25,0.018985
12,2019-11-26,0.018985
12,2019-11-27,0.018985
12,2019-11-28,0.018985
12,2019-11-29,0.018985
12,2019-12-02,0.018985
12,2019-12-03,0.018985
12,2019-12-04,0.018985
12,2019-12-05,0.018985
12,2019-12-06,0.018985
12,2019-12-09,0.018985
12,2019-12-10,0.018985
12,2019-12-11,0.018985
12,2019-12-12,0.017089
12,2019-12-13,0.017089
12,2019-12-16,0.017089
12,2019-12-17,0.017089
12,2019-12-18,0.017089
12,2019-12-19,0.017089
12,2019-12-20,0.017089
12,2019-12-23,0.017089
12,2019-12-24,0.017089
12,2019-12-26,0.017089
12,2019-12-27,0.017089
12,2019-12-30,0.017089
12,2019-12-31,0.017089
12,2020-01-02,0.017089
12,2020-01-03,0.017089
12,2020-01-06,0.017089
12,2020-01-07,0.017089
12,2020-01-08,0.017089
12,2020-01-09,0.017089
12,2020-01-10,0.017089
12,2020-01-13,0.017089
12,2020-01-14,0.017089
12,2020-01-15,0.017089
12,2020-01-16,0.017089
12,2020-01-17,0.017089
12,2020-01-20,0.017089
12,2020-01-21,0.017089
12,2020-01-22,0.017089
12,2020-01-23,0.017089
12,2020-01-24,0.017089
12,2020-01-27,0.017089
12,2020-01-28,0.017089
12,2020-01-29,0.017089
12,2020-01-30,0.017089
12,2020-01-31,0.017089
12,2020-02-03,0.017089
12,2020-02-04,0.017089
12,2020-02-05,0.017089
12,2020-02-06,0.016137
12,2020-02-07,0.016137
12,2020-02-10,0.016137
12,2020-02-11,0.016137
12,2020-02-12,0.016137
12,2020-02-13,0.016137
12,2020-02-14,0.016137
12,2020-02-17,0.016137
12,2020-02-18,0.016137
12,2020-02-19,0.016137
12,2020-02-20,0.016137
12,2020-02-21,0.016137
12,2020-02-26,0.016137
12,2020-02-27,0.016137
12,2020-02-28,0.016137
12,2020-03-02,0.016137
12,2020-03-03,0.016137
12,2020-03-04,0.016137
12,2020-03-05,0.016137
12,2020-03-06,0.016137
12,2020-03-09,0.016137
12,2020-03-10,0.016137
12,2020-03-11,0.016137
12,2020-03-12,0.016137
12,2020-03-13,0.016137
12,2020-03-16,0.016137
12,2020-03-17,0.016137
12,2020-03-18,0.016137
12,2020-03-19,0.014227
12,2020-03-20,0.014227
12,2020-03-23,0.014227
12,2020-03-24,0.014227
12,2020-03-25,0.014227
12,2020-03-26,0.014227
12,2020-03-27,0.014227
12,2020-03-30,0.014227
12,2020-03-31,0.014227
12,2020-04-01,0.014227
12,2020-04-02,0.014227
12,2020-04-03,0.014227
12,2020-04-06,0.014227
12,2020-04-07,0.014227
12,2020-04-08,0.014227
12,2020-04-09,0.014227
12,2020-04-13,0.014227
12,2020-04-14,0.014227
12,2020-04-15,0.014227
12,2020-04-16,0.014227
12,2020-04-17,0.014227
12,2020-04-20,0.014227
12,2020-04-22,0.014227
12,2020-04-23,0.014227
12,2020-04-24,0.014227
12,2020-04-27,0.014227
12,2020-04-28,0.014227
12,2020-04-29,0.014227
12,2020-04-30,0.014227
12,2020-05-04,0.014227
12,2020-05-05,0.014227
12,2020-05-06,0.014227
12,2020-05-07,0.011345
12,2020-05-08,0.011345
12,2020-05-11,0.011345
12,2020-05-12,0.011345
12,2020-05-13,0.011345
12,2020-05-14,0.011345
12,2020-05-15,0.011345
12,2020-05-18,0.011345
12,2020-05-19,0.011345
12,2020-05-20,0.011345
12,2020-05-21,0.011345
12,2020-05-22,0.011345
12,2020-05-25,0.011345
12,2020-05-26,0.011345
12,2020-05-27,0.011345
12,2020-05-28,0.011345
12,2020-05-29,0.011345
12,2020-06-01,0.011345
12,2020-06-02,0.011345
12,2020-06-03,0.011345
12,2020-06-04,0.011345
12,2020-06-05,0.011345
12,2020-06-08,0.011345
12,2020-06-09,0.011345
12,2020-06-10,0.011345
12,2020-06-12,0.011345
12,2020-06-15,0.011345
12,2020-06-16,0.011345
12,2020-06-17,0.011345
12,2020-06-18,0.008442
12,2020-06-19,0.008442
12,2020-06-22,0.008442
12,2020-06-23,0.008442
12,2020-06-24,0.008442
12,2020-06-25,0.008442
12,2020-06-26,0.008442
12,2020-06-29,0.008442
12,2020-06-30,0.008442
12,2020-07-01,0.008442
12,2020-07-02,0.008442
12,2020-07-03,0.008442
12,2020-07-06,0.008442
12,2020-07-07,0.008442
12,2020-07-08,0.008442
12,2020-07-09,0.008442
12,2020-07-10,0.008442
12,2020-07-13,0.008442
12,2020-07-14,0.008442
12,2020-07-15,0.008442
12,2020-07-16,0.008442
12,2020-07-17,0.008442
12,2020-07-20,0.008442
12,2020-07-21,0.008442
12,2020-07-22,0.008442
12,2020-07-23,0.008442
12,2020-07-24,0.008442
12,2020-07-27,0.008442
12,2020-07-28,0.008442
12,2020-07-29,0.008442
12,2020-07-30,0.008442
12,2020-07-31,0.008442
12,2020-08-03,0.008442
12,2020-08-04,0.008442
12,2020-08-05,0.008442
12,2020-08-06,0.007469
12,2020-08-07,0.007469
12,2020-08-10,0.007469
12,2020-08-11,0.007469
12,2020-08-12,0.007469
12,2020-08-13,0.007469
12,2020-08-14,0.007469
12,2020-08-17,0.007469
12,2020-08-18,0.007469
12,2020-08-19,0.007469
12,2020-08-20,0.007469
12,2020-08-21,0.007469
12,2020-08-24,0.007469
12,2020-08-25,0.007469
12,2020-08-26,0.007469
12,2020-08-27,0.007469
12,2020-08-28,0.007469
12,2020-08-31,0.007469
12,2020-09-01,0.007469
12,2020-09-02,0.007469
12,2020-09-03,0.007469
12,2020-09-04,0.007469
12,2020-09-08,0.007469
12,2020-09-09,0.007469
12,2020-09-10,0.007469
12,2020-09-11,0.007469
12,2020-09-14,0.007469
12,2020-09-15,0.007469
12,2020-09-16,0.007469
12,2020-09-17,0.007469
12,2020-09-18,0.007469
12,2020-09-21,0.007469
12,2020-09-22,0.007469
12,2020-09-23,0.007469
12,2020-09-24,0.007469
12,2020-09-25,0.007469
12,2020-09-28,0.007469
12,2020-09-29,0.007469
12,2020-09-30,0.007469
12,2020-10-01,0.007469
12,2020-10-02,0.007469
12,2020-10-05,0.007469
12,2020-10-06,0.007469
12,2020-10-07,0.007469
12,2020-10-08,0.007469
12,2020-10-09,0.007469
12,2020-10-13,0.007469
12,2020-10-14,0.007469
12,2020-10-15,0.007469
12,2020-10-16,0.007469
12,2020-10-19,0.007469
12,2020-10-20,0.007469
12,2020-10-21,0.007469
12,2020-10-22,0.007469
12,2020-10-23,0.007469
12,2020-10-26,0.007469
12,2020-10-27,0.007469
12,2020-10-28,0.007469
12,2020-10-29,0.007469
12,2020-10-30,0.007469
12,2020-11-03,0.007469
12,2020-11-04,0.007469
12,2020-11-05,0.007469
12,2020-11-06,0.007469
12,2020-11-09,0.007469
12,2020-11-10,0.007469
12,2020-11-11,0.007469
12,2020-11-12,0.007469
12,2020-11-13,0.007469
12,2020-11-16,0.007469
12,2020-11-17,0.007469
12,2020-11-18,0.007469
12,2020-11-19,0.007469
12,2020-11-20,0.007469
12,2020-11-23,0.007469
12,2020-11-24,0.007469
12,2020-11-25,0.007469
12,2020-11-26,0.007469
12,2020-11-27,0.007469
12,2020-11-30,0.007469
12,2020-12-01,0.007469
12,2020-12-02,0.007469
12,2020-12-03,0.007469
12,2020-12-04,0.007469
12,2020-12-07,0.007469
12,2020-12-08,0.007469
12,2020-12-09,0.007469
12,2020-12-10,0.007469
12,2020-12-11,0.007469
12,2020-12-14,0.007469
12,2020-12-15,0.007469
12,2020-12-16,0.007469
12,2020-12-17,0.007469
12,2020-12-18,0.007469
12,2020-12-21,0.007469
12,2020-12-22,0.007469
12,2020-12-23,0.007469
12,2020-12-24,0.007469
12,2020-12-28,0.007469
12,2020-12-29,0.007469
12,2020-12-30,0.007469
12,2020-12-31,0.007469
12,2021-01-04,0.007469
12,2021-01-05,0.007469
12,2021-01-06,0.007469
12,2021-01-07,0.007469
12,2021-01-08,0.007469
12,2021-01-11,0.007469
12,2021-01-12,0.007469
12,2021-01-13,0.007469
12,2021-01-14,0.007469
12,2021-01-15,0.007469
12,2021-01-18,0.007469
12,2021-01-19,0.007469
12,2021-01-20,0.007469
12,2021-01-21,0.007469
12,2021-01-22,0.007469
12,2021-01-25,0.007469
12,2021-01-26,0.007469
12,2021-01-27,0.007469
12,2021-01-28,0.007469
12,2021-01-29,0.007469
12,2021-02-01,0.007469
12,2021-02-02,0.007469
12,2021-02-03,0.007469
12,2021-02-04,0.007469
12,2021-02-05,0.007469
12,2021-02-08,0.007469
12,2021-02-09,0.007469
12,2021-02-10,0.007469
12,2021-02-11,0.007469
12,2021-02-12,0.007469
12,2021-02-17,0.007469
12,2021-02-18,0.007469
12,2021-02-19,0.007469
12,2021-02-22,0.007469
12,2021-02-23,0.007469
12,2021-02-24,0.007469
12,2021-02-25,0.007469
12,2021-02-26,0.007469
12,2021-03-01,0.007469
12,2021-03-02,0.007469
12,2021-03-03,0.007469
12,2021-03-04,0.007469
12,2021-03-05,0.007469
12,2021-03-08,0.007469
12,2021-03-09,0.007469
12,2021-03-10,0.007469
12,2021-03-11,0.007469
12,2021-03-12,0.007469
12,2021-03-15,0.007469
12,2021-03-16,0.007469
12,2021-03-17,0.007469
12,2021-03-18,0.010379
12,2021-03-19,0.010379
12,2021-03-22,0.010379
12,2021-03-23,0.010379
12,2021-03-24,0.010379
12,2021-03-25,0.010379
12,2021-03-26,0.010379
12,2021-03-29,0.010379
12,2021-03-30,0.010379
12,2021-03-31,0.010379
12,2021-04-01,0.010379
12,2021-04-05,0.010379
12,2021-04-06,0.010379
12,2021-04-07,0.010379
12,2021-04-08,0.010379
12,2021-04-09,0.010379
12,2021-04-12,0.010379
12,2021-04-13,0.010379
12,2021-04-14,0.010379
12,2021-04-15,0.010379
12,2021-04-16,0.010379
12,2021-04-19,0.010379
12,2021-04-20,0.010379
12,2021-04-22,0.010379
12,2021-04-23,0.010379
12,2021-04-26,0.010379
12,2021-04-27,0.010379
12,2021-04-28,0.010379
12,2021-04-29,0.010379
12,2021-04-30,0.010379
12,2021-05-03,0.010379
12,2021-05-04,0.010379
12,2021-05-05,0.010379
12,2021-05-06,0.013269
12,2021-05-07,0.013269
12,2021-05-10,0.013269
12,2021-05-11,0.013269
12,2021-05-12,0.013269
12,2021-05-13,0.013269
12,2021-05-14,0.013269
12,2021-05-17,0.013269
12,2021-05-18,0.013269
12,2021-05-19,0.013269
12,2021-05-20,0.013269
12,2021-05-21,0.013269
12,2021-05-24,0.013269
12,2021-05-25,0.013269
12,2021-05-26,0.013269
12,2021-05-27,0.013269
12,2021-05-28,0.013269
12,2021-05-31,0.013269
12,2021-06-01,0.013269
12,2021-06-02,0.013269
12,2021-06-04,0.013269
12,2021-06-07,0.013269
12,2021-06-08,0.013269
12,2021-06-09,0.013269
12,2021-06-10,0.013269
12,2021-06-11,0.013269
12,2021-06-14,0.013269
12,2021-06-15,0.013269
12,2021-06-16,0.013269
12,2021-06-17,0.016137
12,2021-06-18,0.016137
12,2021-06-21,0.016137
12,2021-06-22,0.016137
12,2021-06-23,0.016137
12,2021-06-24,0.016137
12,2021-06-25,0.016137
12,2021-06-28,0.016137
12,2021-06-29,0.016137
12,2021-06-30,0.016137
12,2021-07-01,0.016137
12,2021-07-02,0.016137
12,2021-07-05,0.016137
12,2021-07-06,0.016137
12,2021-07-07,0.016137
12,2021-07-08,0.016137
12,2021-07-09,0.016137
12,2021-07-12,0.016137
12,2021-07-13,0.016137
12,2021-07-14,0.016137
12,2021-07-15,0.016137
12,2021-07-16,0.016137
12,2021-07-19,0.016137
12,2021-07-20,0.016137
12,2021-07-21,0.016137
12,2021-07-22,0.016137
12,2021-07-23,0.016137
12,2021-07-26,0.016137
12,2021-07-27,0.016137
12,2021-07-28,0.016137
12,2021-07-29,0.016137
12,2021-07-30,0.016137
12,2021-08-02,0.016137
12,2021-08-03,0.016137
12,2021-08-04,0.016137
12,2021-08-05,0.019930
12,2021-08-06,0.019930
12,2021-08-09,0.019930
12,2021-08-10,0.019930
12,2021-08-11,0.019930
12,2021-08-12,0.019930
12,2021-08-13,0.019930
12,2021-08-16,0.019930
12,2021-08-17,0.019930
12,2021-08-18,0.019930
12,2021-08-19,0.019930
12,2021-08-20,0.019930
12,2021-08-23,0.019930
12,2021-08-24,0.019930
12,2021-08-25,0.019930
12,2021-08-26,0.019930
12,2021-08-27,0.019930
12,2021-08-30,0.019930
12,2021-08-31,0.019930
12,2021-09-01,0.019930
12,2021-09-02,0.019930
12,2021-09-03,0.019930
12,2021-09-06,0.019930
12,2021-09-08,0.019930
12,2021-09-09,0.019930
12,2021-09-10,0.019930
12,2021-09-13,0.019930
12,2021-09-14,0.019930
12,2021-09-15,0.019930
12,2021-09-16,0.019930
12,2021-09-17,0.019930
12,2021-09-20,0.019930
12,2021-09-21,0.019930
12,2021-09-22,0.019930
12,2021-09-23,0.023687
12,2021-09-24,0.023687
12,2021-09-27,0.023687
12,2021-09-28,0.023687
12,2021-09-29,0.023687
12,2021-09-30,0.023687
12,2021-10-01,0.023687
12,2021-10-04,0.023687
12,2021-10-05,0.023687
12,2021-10-06,0.023687
12,2021-10-07,0.023687
12,2021-10-08,0.023687
12,2021-10-11,0.023687
12,2021-10-13,0.023687
12,2021-10-14,0.023687
12,2021-10-15,0.023687
12,2021-10-18,0.023687
12,2021-10-19,0.023687
12,2021-10-20,0.023687
12,2021-10-21,0.023687
12,2021-10-22,0.023687
12,2021-10-25,0.023687
12,2021-10-26,0.023687
12,2021-10-27,0.023687
12,2021-10-28,0.029256
12,2021-10-29,0.029256
12,2021-11-01,0.029256
12,2021-11-03,0.029256
12,2021-11-04,0.029256
12,2021-11-05,0.029256
12,2021-11-08,0.029256
12,2021-11-09,0.029256
12,2021-11-10,0.029256
12,2021-11-11,0.029256
12,2021-11-12,0.029256
12,2021-11-16,0.029256
12,2021-11-17,0.029256
12,2021-11-18,0.029256
12,2021-11-19,0.029256
12,2021-11-22,0.029256
12,2021-11-23,0.029256
12,2021-11-24,0.029256
12,2021-11-25,0.029256
12,2021-11-26,0.029256
12,2021-11-29,0.029256
12,2021-11-30,0.029256
12,2021-12-01,0.029256
12,2021-12-02,0.029256
12,2021-12-03,0.029256
12,2021-12-06,0.029256
12,2021-12-07,0.029256
12,2021-12-08,0.029256
12,2021-12-09,0.034749
12,2021-12-10,0.034749
12,2021-12-13,0.034749
12,2021-12-14,0.034749
12,2021-12-15,0.034749
12,2021-12-16,0.034749
12,2021-12-17,0.034749
12,2021-12-20,0.034749
12,2021-12-21,0.034749
12,2021-12-22,0.034749
12,2021-12-23,0.034749
12,2021-12-24,0.034749
12,2021-12-27,0.034749
12,2021-12-28,0.034749
12,2021-12-29,0.034749
12,2021-12-30,0.034749
12,2021-12-31,0.034749
12,2022-01-03,0.034749
12,2022-01-04,0.034749
12,2022-01-05,0.034749
12,2022-01-06,0.034749
12,2022-01-07,0.034749
12,2022-01-10,0.034749
12,2022-01-11,0.034749
12,2022-01-12,0.034749
12,2022-01-13,0.034749
12,2022-01-14,0.034749
12,2022-01-17,0.034749
12,2022-01-18,0.034749
12,2022-01-19,0.034749
12,2022-01-20,0.034749
12,2022-01-21,0.034749
12,2022-01-24,0.034749
12,2022-01-25,0.034749
12,2022-01-26,0.034749
12,2022-01-27,0.034749
12,2022-01-28,0.034749
12,2022-01-31,0.034749
12,2022-02-01,0.034749
12,2022-02-02,0.034749
12,2022-02-03,0.040168
12,2022-02-04,0.040168
12,2022-02-07,0.040168
12,2022-02-08,0.040168
12,2022-02-09,0.040168
12,2022-02-10,0.040168
12,2022-02-11,0.040168
12,2022-02-14,0.040168
12,2022-02-15,0.040168
12,2022-02-16,0.040168
12,2022-02-17,0.040168
12,2022-02-18,0.040168
12,2022-02-21,0.040168
12,2022-02-22,0.040168
12,2022-02-23,0.040168
12,2022-02-24,0.040168
12,2022-02-25,0.040168
12,2022-03-02,0.040168
12,2022-03-03,0.040168
12,2022-03-04,0.040168
12,2022-03-07,0.040168
12,2022-03-08,0.040168
12,2022-03-09,0.040168
12,2022-03-10,0.040168
12,2022-03-11,0.040168
12,2022-03-14,0.040168
12,2022-03-15,0.040168
12,2022-03-16,0.040168
12,2022-03-17,0.043739
12,2022-03-18,0.043739
12,2022-03-21,0.043739
12,2022-03-22,0.043739
12,2022-03-23,0.043739
12,2022-03-24,0.043739
12,2022-03-25,0.043739
12,2022-03-28,0.043739
12,2022-03-29,0.043739
12,2022-03-30,0.043739
12,2022-03-31,0.043739
12,2022-04-01,0.043739
12,2022-04-04,0.043739
12,2022-04-05,0.043739
12,2022-04-06,0.043739
12,2022-04-07,0.043739
12,2022-04-08,0.043739
12,2022-04-11,0.043739
12,2022-04-12,0.043739
12,2022-04-13,0.043739
12,2022-04-14,0.043739
12,2022-04-18,0.043739
12,2022-04-19,0.043739
12,2022-04-20,0.043739
12,2022-04-22,0.043739
12,2022-04-25,0.043739
12,2022-04-26,0.043739
12,2022-04-27,0.043739
12,2022-04-28,0.043739
12,2022-04-29,0.043739
12,2022-05-02,0.043739
12,2022-05-03,0.043739
12,2022-05-04,0.043739
12,2022-05-05,0.047279
12,2022-05-06,0.047279
12,2022-05-09,0.047279
12,2022-05-10,0.047279
12,2022-05-11,0.047279
12,2022-05-12,0.047279
12,2022-05-13,0.047279
12,2022-05-16,0.047279
12,2022-05-17,0.047279
12,2022-05-18,0.047279
12,2022-05-19,0.047279
12,2022-05-20,0.047279
12,2022-05-23,0.047279
12,2022-05-24,0.047279
12,2022-05-25,0.047279
12,2022-05-26,0.047279
12,2022-05-27,0.047279
12,2022-05-30,0.047279
12,2022-05-31,0.047279
12,2022-06-01,0.047279
12,2022-06-02,0.047279
12,2022-06-03,0.047279
12,2022-06-06,0.047279
12,2022-06-07,0.047279
12,2022-06-08,0.047279
12,2022-06-09,0.047279
12,2022-06-10,0.047279
12,2022-06-13,0.047279
12,2022-06-14,0.047279
12,2022-06-15,0.047279
12,2022-06-17,0.049037
12,2022-06-20,0.049037
12,2022-06-21,0.049037
12,2022-06-22,0.049037
12,2022-06-23,0.049037
12,2022-06-24,0.049037
12,2022-06-27,0.049037
12,2022-06-28,0.049037
12,2022-06-29,0.049037
12,2022-06-30,0.049037
12,2022-07-01,0.049037
12,2022-07-04,0.049037
12,2022-07-05,0.049037
12,2022-07-06,0.049037
12,2022-07-07,0.049037
12,2022-07-08,0.049037
12,2022-07-11,0.049037
12,2022-07-12,0.049037
12,2022-07-13,0.049037
12,2022-07-14,0.049037
12,2022-07-15,0.049037
12,2022-07-18,0.049037
12,2022-07-19,0.049037
12,2022-07-20,0.049037
12,2022-07-21,0.049037
12,2022-07-22,0.049037
12,2022-07-25,0.049037
12,2022-07-26,0.049037
12,2022-07-27,0.049037
12,2022-07-28,0.049037
12,2022-07-29,0.049037
12,2022-08-01,0.049037
12,2022-08-02,0.049037
12,2022-08-03,0.049037
12,2022-08-04,0.050788
12,2022-08-05,0.050788
12,2022-08-08,0.050788
12,2022-08-09,0.050788
12,2022-08-10,0.050788
12,2022-08-11,0.050788
12,2022-08-12,0.050788
12,2022-08-15,0.050788
12,2022-08-16,0.050788
12,2022-08-17,0.050788
12,2022-08-18,0.050788
12,2022-08-19,0.050788
12,2022-08-22,0.050788
12,2022-08-23,0.050788
12,2022-08-24,0.050788
12,2022-08-25,0.050788
12,2022-08-26,0.050788
12,2022-08-29,0.050788
12,2022-08-30,0.050788
12,2022-08-31,0.050788
12,2022-09-01,0.050788
12,2022-09-02,0.050788
12,2022-09-05,0.050788
12,2022-09-06,0.050788
12,2022-09-08,0.050788
12,2022-09-09,0.050788
12,2022-09-12,0.050788
12,2022-09-13,0.050788
12,2022-09-14,0.050788
12,2022-09-15,0.050788
12,2022-09-16,0.050788
12,2022-09-19,0.050788
12,2022-09-20,0.050788
12,2022-09-21,0.050788
12,2022-09-22,0.050788
12,2022-09-23,0.050788
12,2022-09-26,0.050788
12,2022-09-27,0.050788
12,2022-09-28,0.050788
12,2022-09-29,0.050788
12,2022-09-30,0.050788
12,2022-10-03,0.050788
12,2022-10-04,0.050788
12,2022-10-05,0.050788
12,2022-10-06,0.050788
12,2022-10-07,0.050788
12,2022-10-10,0.050788
12,2022-10-11,0.050788
12,2022-10-13,0.050788
12,2022-10-14,0.050788
12,2022-10-17,0.050788
12,2022-10-18,0.050788
12,2022-10-19,0.050788
12,2022-10-20,0.050788
12,2022-10-21,0.050788
12,2022-10-24,0.050788
12,2022-10-25,0.050788
12,2022-10-26,0.050788
12,2022-10-27,0.050788
12,2022-10-28,0.050788
12,2022-10-31,0.050788
12,2022-11-01,0.050788
12,2022-11-03,0.050788
12,2022-11-04,0.050788
12,2022-11-07,0.050788
12,2022-11-08,0.050788
12,2022-11-09,0.050788
12,2022-11-10,0.050788
12,2022-11-11,0.050788
12,2022-11-14,0.050788
12,2022-11-16,0.050788
12,2022-11-17,0.050788
12,2022-11-18,0.050788
12,2022-11-21,0.050788
12,2022-11-22,0.050788
12,2022-11-23,0.050788
12,2022-11-24,0.050788
12,2022-11-25,0.050788
12,2022-11-28,0.050788
12,2022-11-29,0.050788
12,2022-11-30,0.050788
12,2022-12-01,0.050788
12,2022-12-02,0.050788
12,2022-12-05,0.050788
12,2022-12-06,0.050788
12,2022-12-07,0.050788
12,2022-12-08,0.050788
12,2022-12-09,0.050788
12,2022-12-12,0.050788
12,2022-12-13,0.050788
12,2022-12-14,0.050788
12,2022-12-15,0.050788
12,2022-12-16,0.050788
12,2022-12-19,0.050788
12,2022-12-20,0.050788
12,2022-12-21,0.050788
12,2022-12-22,0.050788
12,2022-12-23,0.050788
12,2022-12-26,0.050788
12,2022-12-27,0.050788
12,2022-12-28,0.050788
12,2022-12-29,0.050788
12,2022-12-30,0.050788
12,2023-01-02,0.050788
12,2023-01-03,0.050788
12,2023-01-04,0.050788
12,2023-01-05,0.050788
12,2023-01-06,0.050788
12,2023-01-09,0.050788
12,2023-01-10,0.050788
12,2023-01-11,0.050788
12,2023-01-12,0.050788
12,2023-01-13,0.050788
12,2023-01-16,0.050788
12,2023-01-17,0.050788
12,2023-01-18,0.050788
12,2023-01-19,0.050788
12,2023-01-20,0.050788
12,2023-01-23,0.050788
12,2023-01-24,0.050788
12,2023-01-25,0.050788
12,2023-01-26,0.050788
12,2023-01-27,0.050788
12,2023-01-30,0.050788
12,2023-01-31,0.050788
12,2023-02-01,0.050788
12,2023-02-02,0.050788
12,2023-02-03,0.050788
12,2023-02-06,0.050788
12,2023-02-07,0.050788
12,2023-02-08,0.050788
12,2023-02-09,0.050788
12,2023-02-10,0.050788
12,2023-02-13,0.050788
12,2023-02-14,0.050788
12,2023-02-15,0.050788
12,2023-02-16,0.050788
12,2023-02-17,0.050788
12,2023-02-22,0.050788
12,2023-02-23,0.050788
12,2023-02-24,0.050788
12,2023-02-27,0.050788
12,2023-02-28,0.050788
12,2023-03-01,0.050788
12,2023-03-02,0.050788
12,2023-03-03,0.050788
12,2023-03-06,0.050788
12,2023-03-07,0.050788
12,2023-03-08,0.050788
12,2023-03-09,0.050788
12,2023-03-10,0.050788
12,2023-03-13,0.050788
12,2023-03-14,0.050788
12,2023-03-15,0.050788
12,2023-03-16,0.050788
12,2023-03-17,0.050788
12,2023-03-20,0.050788
12,2023-03-21,0.050788
12,2023-03-22,0.050788
12,2023-03-23,0.050788
12,2023-03-24,0.050788
12,2023-03-27,0.050788
12,2023-03-28,0.050788
12,2023-03-29,0.050788
12,2023-03-30,0.050788
12,2023-03-31,0.050788
12,2023-04-03,0.050788
12,2023-04-04,0.050788
12,2023-04-05,0.050788
12,2023-04-06,0.050788
12,2023-04-10,0.050788
12,2023-04-11,0.050788
12,2023-04-12,0.050788
12,2023-04-13,0.050788
12,2023-04-14,0.050788
12,2023-04-17,0.050788
12,2023-04-18,0.050788
12,2023-04-19,0.050788
12,2023-04-20,0.050788
12,2023-04-24,0.050788
12,2023-04-25,0.050788
12,2023-04-26,0.050788
12,2023-04-27,0.050788
12,2023-04-28,0.050788
12,2023-05-02,0.050788
12,2023-05-03,0.050788
12,2023-05-04,0.050788
12,2023-05-05,0.050788
12,2023-05-08,0.050788
12,2023-05-09,0.050788
12,2023-05-10,0.050788
12,2023-05-11,0.050788
12,2023-05-12,0.050788
12,2023-05-15,0.050788
12,2023-05-16,0.050788
12,2023-05-17,0.050788
12,2023-05-18,0.050788
12,2023-05-19,0.050788
12,2023-05-22,0.050788
12,2023-05-23,0.050788
12,2023-05-24,0.050788
12,2023-05-25,0.050788
12,2023-05-26,0.050788
12,2023-05-29,0.050788
12,2023-05-30,0.050788
12,2023-05-31,0.050788
12,2023-06-01,0.050788
12,2023-06-02,0.050788
12,2023-06-05,0.050788
12,2023-06-06,0.050788
12,2023-06-07,0.050788
12,2023-06-09,0.050788
12,2023-06-12,0.050788
12,2023-06-13,0.050788
12,2023-06-14,0.050788
12,2023-06-15,0.050788
12,2023-06-16,0.050788
12,2023-06-19,0.050788
12,2023-06-20,0.050788
12,2023-06-21,0.050788
12,2023-06-22,0.050788
12,2023-06-23,0.050788
12,2023-06-26,0.050788
12,2023-06-27,0.050788
12,2023-06-28,0.050788
12,2023-06-29,0.050788
12,2023-06-30,0.050788
12,2023-07-03,0.050788
12,2023-07-04,0.050788
12,2023-07-05,0.050788
12,2023-07-06,0.050788
12,2023-07-07,0.050788
12,2023-07-10,0.050788
12,2023-07-11,0.050788
12,2023-07-12,0.050788
12,2023-07-13,0.050788
12,2023-07-14,0.050788
12,2023-07-17,0.050788
12,2023-07-18,0.050788
12,2023-07-19,0.050788
12,2023-07-20,0.050788
12,2023-07-21,0.050788
12,2023-07-24,0.050788
12,2023-07-25,0.050788
12,2023-07-26,0.050788
12,2023-07-27,0.050788
12,2023-07-28,0.050788
12,2023-07-31,0.050788
12,2023-08-01,0.050788
12,2023-08-02,0.050788
12,2023-08-03,0.049037
12,2023-08-04,0.049037
12,2023-08-07,0.049037
12,2023-08-08,0.049037
12,2023-08-09,0.049037
12,2023-08-10,0.049037
12,2023-08-11,0.049037
12,2023-08-14,0.049037
12,2023-08-15,0.049037
12,2023-08-16,0.049037
12,2023-08-17,0.049037
12,2023-08-18,0.049037
12,2023-08-21,0.049037
12,2023-08-22,0.049037
12,2023-08-23,0.049037
12,2023-08-24,0.049037
12,2023-08-25,0.049037
12,2023-08-28,0.049037
12,2023-08-29,0.049037
12,2023-08-30,0.049037
12,2023-08-31,0.049037
12,2023-09-01,0.049037
12,2023-09-04,0.049037
12,2023-09-05,0.049037
12,2023-09-06,0.049037
12,2023-09-08,0.049037
12,2023-09-11,0.049037
12,2023-09-12,0.049037
12,2023-09-13,0.049037
12,2023-09-14,0.049037
12,2023-09-15,0.049037
12,2023-09-18,0.049037
12,2023-09-19,0.049037
12,2023-09-20,0.049037
12,2023-09-21,0.047279
12,2023-09-22,0.047279
12,2023-09-25,0.047279
12,2023-09-26,0.047279
12,2023-09-27,0.047279
12,2023-09-28,0.047279
12,2023-09-29,0.047279
12,2023-10-02,0.047279
12,2023-10-03,0.047279
12,2023-10-04,0.047279
12,2023-10-05,0.047279
12,2023-10-06,0.047279
12,2023-10-09,0.047279
12,2023-10-10,0.047279
12,2023-10-11,0.047279
12,2023-10-13,0.047279
12,2023-10-16,0.047279
12,2023-10-17,0.047279
12,2023-10-18,0.047279
12,2023-10-19,0.047279
12,2023-10-20,0.047279
12,2023-10-23,0.047279
12,2023-10-24,0.047279
12,2023-10-25,0.047279
12,2023-10-26,0.047279
12,2023-10-27,0.047279
12,2023-10-30,0.047279
12,2023-10-31,0.047279
12,2023-11-01,0.047279
12,2023-11-03,0.045513
12,2023-11-06,0.045513
12,2023-11-07,0.045513
12,2023-11-08,0.045513
12,2023-11-09,0.045513
12,2023-11-10,0.045513
12,2023-11-13,0.045513
12,2023-11-14,0.045513
12,2023-11-16,0.045513
12,2023-11-17,0.045513
12,2023-11-20,0.045513
12,2023-11-21,0.045513
12,2023-11-22,0.045513
12,2023-11-23,0.045513
12,2023-11-24,0.045513
12,2023-11-27,0.045513
12,2023-11-28,0.045513
12,2023-11-29,0.045513
12,2023-11-30,0.045513
12,2023-12-01,0.045513
12,2023-12-04,0.045513
12,2023-12-05,0.045513
12,2023-12-06,0.045513
12,2023-12-07,0.045513
12,2023-12-08,0.045513
12,2023-12-11,0.045513
12,2023-12-12,0.045513
12,2023-12-13,0.045513
12,2023-12-14,0.043739
12,2023-12-15,0.043739
12,2023-12-18,0.043739
12,2023-12-19,0.043739
12,2023-12-20,0.043739
12,2023-12-21,0.043739
12,2023-12-22,0.043739
12,2023-12-26,0.043739
12,2023-12-27,0.043739
12,2023-12-28,0.043739
12,2023-12-29,0.043739
12,2024-01-02,0.043739
12,2024-01-03,0.043739
12,2024-01-04,0.043739
12,2024-01-05,0.043739
12,2024-01-08,0.043739
12,2024-01-09,0.043739
12,2024-01-10,0.043739
12,2024-01-11,0.043739
12,2024-01-12,0.043739
12,2024-01-15,0.043739
12,2024-01-16,0.043739
12,2024-01-17,0.043739
12,2024-01-18,0.043739
12,2024-01-19,0.043739
12,2024-01-22,0.043739
12,2024-01-23,0.043739
12,2024-01-24,0.043739
12,2024-01-25,0.043739
12,2024-01-26,0.043739
12,2024-01-29,0.043739
12,2024-01-30,0.043739
12,2024-01-31,0.043739
12,2024-02-01,0.041957
12,2024-02-02,0.041957
12,2024-02-05,0.041957
12,2024-02-06,0.041957
12,2024-02-07,0.041957
12,2024-02-08,0.041957
12,2024-02-09,0.041957
12,2024-02-14,0.041957
12,2024-02-15,0.041957
12,2024-02-16,0.041957
12,2024-02-19,0.041957
12,2024-02-20,0.041957
12,2024-02-21,0.041957
12,2024-02-22,0.041957
12,2024-02-23,0.041957
12,2024-02-26,0.041957
12,2024-02-27,0.041957
12,2024-02-28,0.041957
12,2024-02-29,0.041957
12,2024-03-01,0.041957
12,2024-03-04,0.041957
12,2024-03-05,0.041957
12,2024-03-06,0.041957
12,2024-03-07,0.041957
12,2024-03-08,0.041957
12,2024-03-11,0.041957
12,2024-03-12,0.041957
12,2024-03-13,0.041957
12,2024-03-14,0.041957
12,2024-03-15,0.041957
12,2024-03-18,0.041957
12,2024-03-19,0.041957
12,2024-03-20,0.041957
12,2024-03-21,0.040168
12,2024-03-22,0.040168
12,2024-03-25,0.040168
12,2024-03-26,0.040168
12,2024-03-27,0.040168
12,2024-03-28,0.040168
12,2024-04-01,0.040168
12,2024-04-02,0.040168
12,2024-04-03,0.040168
12,2024-04-04,0.040168
12,2024-04-05,0.040168
12,2024-04-08,0.040168
12,2024-04-09,0.040168
12,2024-04-10,0.040168
12,2024-04-11,0.040168
12,2024-04-12,0.040168
12,2024-04-15,0.040168
12,2024-04-16,0.040168
12,2024-04-17,0.040168
12,2024-04-18,0.040168
12,2024-04-19,0.040168
12,2024-04-22,0.040168
12,2024-04-23,0.040168
12,2024-04-24,0.040168
12,2024-04-25,0.040168
12,2024-04-26,0.040168
12,2024-04-29,0.040168
12,2024-04-30,0.040168
12,2024-05-02,0.040168
12,2024-05-03,0.040168
12,2024-05-06,0.040168
12,2024-05-07,0.040168
12,2024-05-08,0.040168
12,2024-05-09,0.039270
12,2024-05-10,0.039270
12,2024-05-13,0.039270
12,2024-05-14,0.039270
12,2024-05-15,0.039270
12,2024-05-16,0.039270
12,2024-05-17,0.039270
12,2024-05-20,0.039270
12,2024-05-21,0.039270
12,2024-05-22,0.039270
12,2024-05-23,0.039270
12,2024-05-24,0.039270
12,2024-05-27,0.039270
12,2024-05-28,0.039270
12,2024-05-29,0.039270
12,2024-05-31,0.039270
12,2024-06-03,0.039270
12,2024-06-04,0.039270
12,2024-06-05,0.039270
12,2024-06-06,0.039270
12,2024-06-07,0.039270
12,2024-06-10,0.039270
12,2024-06-11,0.039270
12,2024-06-12,0.039270
12,2024-06-13,0.039270
12,2024-06-14,0.039270
12,2024-06-17,0.039270
12,2024-06-18,0.039270
12,2024-06-19,0.039270
12,2024-06-20,0.039270
12,2024-06-21,0.039270
12,2024-06-24,0.039270
12,2024-06-25,0.039270
12,2024-06-26,0.039270
12,2024-06-27,0.039270
12,2024-06-28,0.039270
12,2024-07-01,0.039270
12,2024-07-02,0.039270
12,2024-07-03,0.039270
12,2024-07-04,0.039270
12,2024-07-05,0.039270
12,2024-07-08,0.039270
12,2024-07-09,0.039270
12,2024-07-10,0.039270
12,2024-07-11,0.039270
12,2024-07-12,0.039270
12,2024-07-15,0.039270
12,2024-07-16,0.039270
12,2024-07-17,0.039270
12,2024-07-18,0.039270
12,2024-07-19,0.039270
12,2024-07-22,0.039270
12,2024-07-23,0.039270
12,2024-07-24,0.039270
12,2024-07-25,0.039270
12,2024-07-26,0.039270
12,2024-07-29,0.039270
12,2024-07-30,0.039270
12,2024-07-31,0.039270
12,2024-08-01,0.039270
12,2024-08-02,0.039270
12,2024-08-05,0.039270
12,2024-08-06,0.039270
12,2024-08-07,0.039270
12,2024-08-08,0.039270
12,2024-08-09,0.039270
12,2024-08-12,0.039270
12,2024-08-13,0.039270
12,2024-08-14,0.039270
12,2024-08-15,0.039270
12,2024-08-16,0.039270
12,2024-08-19,0.039270
12,2024-08-20,0.039270
12,2024-08-21,0.039270
12,2024-08-22,0.039270
12,2024-08-23,0.039270
12,2024-08-26,0.039270
12,2024-08-27,0.039270
12,2024-08-28,0.039270
12,2024-08-29,0.039270
12,2024-08-30,0.039270
12,2024-09-02,0.039270
12,2024-09-03,0.039270
12,2024-09-04,0.039270
12,2024-09-05,0.039270
12,2024-09-06,0.039270
12,2024-09-09,0.039270
12,2024-09-10,0.039270
12,2024-09-11,0.039270
12,2024-09-12,0.039270
12,2024-09-13,0.039270
12,2024-09-16,0.039270
12,2024-09-17,0.039270
12,2024-09-18,0.039270
12,2024-09-19,0.040168
12,2024-09-20,0.040168
12,2024-09-23,0.040168
12,2024-09-24,0.040168
12,2024-09-25,0.040168
12,2024-09-26,0.040168
12,2024-09-27,0.040168
12,2024-09-30,0.040168
12,2024-10-01,0.040168
12,2024-10-02,0.040168
12,2024-10-03,0.040168
12,2024-10-04,0.040168
12,2024-10-07,0.040168
12,2024-10-08,0.040168
12,2024-10-09,0.040168
12,2024-10-10,0.040168
12,2024-10-11,0.040168
12,2024-10-14,0.040168
12,2024-10-15,0.040168
12,2024-10-16,0.040168
12,2024-10-17,0.040168
12,2024-10-18,0.040168
12,2024-10-21,0.040168
12,2024-10-22,0.040168
12,2024-10-23,0.040168
12,2024-10-24,0.040168
12,2024-10-25,0.040168
12,2024-10-28,0.040168
12,2024-10-29,0.040168
12,2024-10-30,0.040168
12,2024-10-31,0.040168
12,2024-11-01,0.040168
12,2024-11-04,0.040168
12,2024-11-05,0.040168
12,2024-11-06,0.040168
12,2024-11-07,0.041957
12,2024-11-08,0.041957
12,2024-11-11,0.041957
12,2024-11-12,0.041957
12,2024-11-13,0.041957
12,2024-11-14,0.041957
12,2024-11-18,0.041957
12,2024-11-19,0.041957
12,2024-11-21,0.041957
12,2024-11-22,0.041957
12,2024-11-25,0.041957
12,2024-11-26,0.041957
12,2024-11-27,0.041957
12,2024-11-28,0.041957
12,2024-11-29,0.041957
12,2024-12-02,0.041957
12,2024-12-03,0.041957
12,2024-12-04,0.041957
12,2024-12-05,0.041957
12,2024-12-06,0.041957
12,2024-12-09,0.041957
12,2024-12-10,0.041957
12,2024-12-11,0.041957
12,2024-12-12,0.045513
12,2024-12-13,0.045513
12,2024-12-16,0.045513
12,2024-12-17,0.045513
12,2024-12-18,0.045513
12,2024-12-19,0.045513
12,2024-12-20,0.045513
12,2024-12-23,0.045513
12,2024-12-24,0.045513
12,2024-12-26,0.045513
12,2024-12-27,0.045513
12,2024-12-30,0.045513
12,2024-12-31,0.045513
12,2025-01-02,0.045513
12,2025-01-03,0.045513
12,2025-01-06,0.045513
12,2025-01-07,0.045513
12,2025-01-08,0.045513
12,2025-01-09,0.045513
12,2025-01-10,0.045513
12,2025-01-13,0.045513
12,2025-01-14,0.045513
12,2025-01-15,0.045513
12,2025-01-16,0.045513
12,2025-01-17,0.045513
12,2025-01-20,0.045513
12,2025-01-21,0.045513
12,2025-01-22,0.045513
12,2025-01-23,0.045513
12,2025-01-24,0.045513
12,2025-01-27,0.045513
12,2025-01-28,0.045513
12,2025-01-29,0.045513
12,2025-01-30,0.049037
12,2025-01-31,0.049037
12,2025-02-03,0.049037
12,2025-02-04,0.049037
12,2025-02-05,0.049037
12,2025-02-06,0.049037
12,2025-02-07,0.049037
12,2025-02-10,0.049037
12,2025-02-11,0.049037
12,2025-02-12,0.049037
12,2025-02-13,0.049037
12,2025-02-14,0.049037
12,2025-02-17,0.049037
12,2025-02-18,0.049037
12,2025-02-19,0.049037
12,2025-02-20,0.049037
12,2025-02-21,0.049037
12,2025-02-24,0.049037
12,2025-02-25,0.049037
12,2025-02-26,0.049037
12,2025-02-27,0.049037
12,2025-02-28,0.049037
12,2025-03-05,0.049037
12,2025-03-06,0.049037
12,2025-03-07,0.049037
12,2025-03-10,0.049037
12,2025-03-11,0.049037
12,2025-03-12,0.049037
12,2025-03-13,0.049037
12,2025-03-14,0.049037
12,2025-03-17,0.049037
12,2025-03-18,0.049037
12,2025-03-19,0.049037
12,2025-03-20,0.052531
12,2025-03-21,0.052531
12,2025-03-24,0.052531
12,2025-03-25,0.052531
12,2025-03-26,0.052531
12,2025-03-27,0.052531
12,2025-03-28,0.052531
12,2025-03-31,0.052531
12,2025-04-01,0.052531
12,2025-04-02,0.052531
12,2025-04-03,0.052531
12,2025-04-04,0.052531
12,2025-04-07,0.052531
12,2025-04-08,0.052531
12,2025-04-09,0.052531
12,2025-04-10,0.052531
12,2025-04-11,0.052531
12,2025-04-14,0.052531
12,2025-04-15,0.052531
12,2025-04-16,0.052531
12,2025-04-17,0.052531
12,2025-04-22,0.052531
12,2025-04-23,0.052531
12,2025-04-24,0.052531
12,2025-04-25,0.052531
12,2025-04-28,0.052531
12,2025-04-29,0.052531
12,2025-04-30,0.052531
12,2025-05-02,0.052531
12,2025-05-05,0.052531
12,2025-05-06,0.052531
12,2025-05-07,0.052531
12,2025-05-08,0.054266
12,2025-05-09,0.054266
12,2025-05-12,0.054266
12,2025-05-13,0.054266
12,2025-05-14,0.054266
12,2025-05-15,0.054266
12,2025-05-16,0.054266
12,2025-05-19,0.054266
12,2025-05-20,0.054266
12,2025-05-21,0.054266
12,2025-05-22,0.054266
12,2025-05-23,0.054266
12,2025-05-26,0.054266
12,2025-05-27,0.054266
12,2025-05-28,0.054266
12,2025-05-29,0.054266
12,2025-05-30,0.054266
12,2025-06-02,0.054266
12,2025-06-03,0.054266
12,2025-06-04,0.054266
12,2025-06-05,0.054266
12,2025-06-06,0.054266
12,2025-06-09,0.054266
12,2025-06-10,0.054266
12,2025-06-11,0.054266
12,2025-06-12,0.054266
12,2025-06-13,0.054266
12,2025-06-16,0.054266
12,2025-06-17,0.054266
12,2025-06-18,0.054266
12,2025-06-20,0.055131
12,2025-06-23,0.055131
12,2025-06-24,0.055131
12,2025-06-25,0.055131
12,2025-06-26,0.055131
12,2025-06-27,0.055131
12,2025-06-30,0.055131
12,2025-07-01,0.055131
12,2025-07-02,0.055131
12,2025-07-03,0.055131
12,2025-07-04,0.055131
12,2025-07-07,0.055131
12,2025-07-08,0.055131
12,2025-07-09,0.055131
12,2025-07-10,0.055131
12,2025-07-11,0.055131
12,2025-07-14,0.055131
12,2025-07-15,0.055131
12,2025-07-16,0.055131
12,2025-07-17,0.055131
12,2025-07-18,0.055131
12,2025-07-21,0.055131
12,2025-07-22,0.055131
12,2025-07-23,0.055131
12,2025-07-24,0.055131
12,2025-07-25,0.055131
12,2025-07-28,0.055131
12,2025-07-29,0.055131
12,2025-07-30,0.055131
12,2025-07-31,0.055131
12,2025-08-01,0.055131
12,2025-08-04,0.055131
12,2025-08-05,0.055131
12,2025-08-06,0.055131
12,2025-08-07,0.055131
12,2025-08-08,0.055131
12,2025-08-11,0.055131
12,2025-08-12,0.055131
12,2025-08-13,0.055131
12,2025-08-14,0.055131
12,2025-08-15,0.055131
12,2025-08-18,0.055131
12,2025-08-19,0.055131
12,2025-08-20,0.055131
12,2025-08-21,0.055131
12,2025-08-22,0.055131
12,2025-08-25,0.055131
12,2025-08-26,0.055131
12,2025-08-27,0.055131
12,2025-08-28,0.055131
12,2025-08-29,0.055131
12,2025-09-01,0.055131
12,2025-09-02,0.055131
12,2025-09-03,0.055131
12,2025-09-04,0.055131
12,2025-09-05,0.055131
12,2025-09-08,0.055131
12,2025-09-09,0.055131
12,2025-09-10,0.055131
12,2025-09-11,0.055131
12,2025-09-12,0.055131
12,2025-09-15,0.055131
12,2025-09-16,0.055131
12,2025-09-17,0.055131
12,2025-09-18,0.055131
12,2025-09-19,0.055131
12,2025-09-22,0.055131
12,2025-09-23,0.055131
12,2025-09-24,0.055131
12,2025-09-25,0.055131
12,2025-09-26,0.055131
12,2025-09-29,0.055131
12,2025-09-30,0.055131
12,2025-10-01,0.055131
12,2025-10-02,0.055131
12,2025-10-03,0.055131
12,2025-10-06,0.055131
12,2025-10-07,0.055131
12,2025-10-08,0.055131
12,2025-10-09,0.055131
12,2025-10-10,0.055131
12,2025-10-13,0.055131
12,2025-10-14,0.055131
12,2025-10-15,0.055131
12,2025-10-16,0.055131
12,2025-10-17,0.055131
12,2025-10-20,0.055131
12,2025-10-21,0.055131
12,2025-10-22,0.055131
12,2025-10-23,0.055131
12,2025-10-24,0.055131
12,2025-10-27,0.055131
12,2025-10-28,0.055131
12,2025-10-29,0.055131
12,2025-10-30,0.055131
12,2025-10-31,0.055131
12,2025-11-03,0.055131
12,2025-11-04,0.055131
12,2025-11-05,0.055131
12,2025-11-06,0.055131
12,2025-11-07,0.055131
12,2025-11-10,0.055131
12,2025-11-11,0.055131
12,2025-11-12,0.055131
12,2025-11-13,0.055131
12,2025-11-14,0.055131
12,2025-11-17,0.055131
12,2025-11-18,0.055131
12,2025-11-19,0.055131
12,2025-11-21,0.055131
12,2025-11-24,0.055131
12,2025-11-25,0.055131
12,2025-11-26,0.055131
12,2025-11-27,0.055131
12,2025-11-28,0.055131
12,2025-12-01,0.055131
12,2025-12-02,0.055131
12,2025-12-03,0.055131
12,2025-12-04,0.055131
12,2025-12-05,0.055131
12,2025-12-08,0.055131
12,2025-12-09,0.055131
12,2025-12-10,0.055131
12,2025-12-11,0.055131
12,2025-12-12,0.055131
12,2025-12-15,0.055131
12,2025-12-16,0.055131
12,2025-12-17,0.055131
12,2025-12-18,0.055131
12,2025-12-19,0.055131
12,2025-12-22,0.055131
12,2025-12-23,0.055131
12,2025-12-24,0.055131
12,2025-12-26,0.055131
12,2025-12-29,0.055131
12,2025-12-30,0.055131
12,2025-12-31,0.055131
12,2026-01-02,0.055131
12,2026-01-05,0.055131
12,2026-01-06,0.055131
12,2026-01-07,0.055131
12,2026-01-08,0.055131
12,2026-01-09,0.055131
12,2026-01-12,0.055131
12,2026-01-13,0.055131
12,2026-01-14,0.055131
12,2026-01-15,0.055131
12,2026-01-16,0.055131
12,2026-01-19,0.055131
12,2026-01-20,0.055131
12,2026-01-21,0.055131
12,2026-01-22,0.055131
12,2026-01-23,0.055131
12,2026-01-26,0.055131
12,2026-01-27,0.055131
12,2026-01-28,0.055131
12,2026-01-29,0.055131
12,2026-01-30,0.055131
12,2026-02-02,0.055131
12,2026-02-03,0.055131
12,2026-02-04,0.055131
12,2026-02-05,0.055131
12,2026-02-06,0.055131
12,2026-02-09,0.055131
12,2026-02-10,0.055131
12,2026-02-11,0.055131
12,2026-02-12,0.055131
12,2026-02-13,0.055131
12,2026-02-18,0.055131
12,2026-02-19,0.055131
12,2026-02-20,0.055131
12,2026-02-23,0.055131
12,2026-02-24,0.055131
12,2026-02-25,0.055131
12,2026-02-26,0.055131
12,2026-02-27,0.055131
12,2026-03-02,0.055131
12,2026-03-03,0.055131
12,2026-03-04,0.055131
12,2026-03-05,0.055131
12,2026-03-06,0.055131
12,2026-03-09,0.055131
12,2026-03-10,0.055131
12,2026-03-11,0.055131
12,2026-03-12,0.055131
12,2026-03-13,0.055131
12,2026-03-16,0.055131
12,2026-03-17,0.055131
12,2026-03-18,0.055131
12,2026-03-19,0.054266
12,2026-03-20,0.054266
12,2026-03-23,0.054266
12,2026-03-24,0.054266
12,2026-03-25,0.054266
12,2026-03-26,0.054266
12,2026-03-27,0.054266
12,2026-03-30,0.054266
12,2026-03-31,0.054266
12,2026-04-01,0.054266
12,2026-04-02,0.054266
12,2026-04-06,0.054266
12,2026-04-07,0.054266
12,2026-04-08,0.054266
12,2026-04-09,0.054266
12,2026-04-10,0.054266
12,2026-04-13,0.054266
12,2026-04-14,0.054266
12,2026-04-15,0.054266
12,2026-04-16,0.054266
12,2026-04-17,0.054266
12,2026-04-20,0.054266
12,2026-04-22,0.054266
12,2026-04-23,0.054266
12,2026-04-24,0.054266
12,2026-04-27,0.054266
12,2026-04-28,0.054266
12,2026-04-29,0.054266
12,2026-04-30,0.053400
12,2026-05-04,0.053400
12,2026-05-05,0.053400
12,2026-05-06,0.053400
12,2026-05-07,0.053400
12,2026-05-08,0.053400
12,2026-05-11,0.053400
12,2026-05-12,0.053400
12,2026-05-13,0.053400
12,2026-05-14,0.053400
12,2026-05-15,0.053400
12,2026-05-18,0.053400
12,2026-05-19,0.053400
12,2026-05-20,0.053400
12,2026-05-21,0.053400
12,2026-05-22,0.053400
12,2026-05-25,0.053400
12,2026-05-26,0.053400
12,2026-05-27,0.053400
12,2026-05-28,0.053400
12,2026-05-29,0.053400
12,2026-06-01,0.053400
12,2026-06-02,0.053400
12,2026-06-03,0.053400
12,2026-06-05,0.053400
12,2026-06-08,0.053400
12,2026-06-09,0.053400
12,2026-06-10,0.053400
12,2026-06-11,0.053400
12,2026-06-12,0.053400
12,2026-06-15,0.053400
12,2026-06-16,0.053400
12,2026-06-17,0.053400
12,2026-06-18,0.052531
12,2026-06-19,0.052531
12,2026-06-22,0.052531
12,2026-06-23,0.052531
12,2026-06-24,0.052531
12,2026-06-25,0.052531
12,2026-06-26,0.052531
12,2026-06-29,0.052531
12,2026-06-30,0.052531
12,2026-07-01,0.052531
12,2026-07-02,0.052531
12,2026-07-03,0.052531
12,2026-07-06,0.052531
12,2026-07-07,0.052531
12,2026-07-08,0.052531
12,2026-07-09,0.052531
12,2026-07-10,0.052531
12,2026-07-13,0.052531
12,2026-07-14,0.052531
12,2026-07-15,0.052531
12,2026-07-16,0.052531
12,2026-07-17,0.052531
12,2026-07-20,0.052531
12,2026-07-21,0.052531
12,2026-07-22,0.052531
12,2026-07-23,0.052531
12,2026-07-24,0.052531
12,2026-07-27,0.052531
12,2026-07-28,0.052531
12,2026-07-29,0.052531
12,2026-07-30,0.052531
12,2026-07-31,0.052531
12,2026-08-03,0.052531
12,2026-08-04,0.052531
12,2026-08-05,0.052531
12,2026-08-06,0.051660
12,2026-08-07,0.051660
12,2026-08-10,0.051660
12,2026-08-11,0.051660
12,2026-08-12,0.051660
12,2026-08-13,0.051660
12,2026-08-14,0.051660
12,2026-08-17,0.051660
12,2026-08-18,0.051660
12,2026-08-19,0.051660
12,2026-08-20,0.051660
12,2026-08-21,0.051660
12,2026-08-24,0.051660
12,2026-08-25,0.051660
12,2026-08-26,0.051660
12,2026-08-27,0.051660
12,2026-08-28,0.051660
12,2026-08-31,0.051660
12,2026-09-01,0.051660
12,2026-09-02,0.051660
12,2026-09-03,0.051660
12,2026-09-04,0.051660
12,2026-09-08,0.051660
12,2026-09-09,0.051660
12,2026-09-10,0.051660
12,2026-09-11,0.051660
12,2026-09-14,0.051660
12,2026-09-15,0.051660
12,2026-09-16,0.051660
12,2026-09-17,0.050788
12,2026-09-18,0.050788
12,2026-09-21,0.050788
12,2026-09-22,0.050788
12,2026-09-23,0.050788
12,2026-09-24,0.050788
12,2026-09-25,0.050788
12,2026-09-28,0.050788
12,2026-09-29,0.050788
12,2026-09-30,0.050788
12,2026-10-01,0.050788
12,2026-10-02,0.050788
12,2026-10-05,0.050788
12,2026-10-06,0.050788
